TEAM_ID,TEAM_CITY,TEAM_NAME,YEAR,GP,WINS,LOSSES,WIN_PCT,CONF_RANK,DIV_RANK,PO_WINS,PO_LOSSES,CONF_COUNT,DIV_COUNT,NBA_FINALS_APPEARANCE,FGM,FGA,FG_PCT,FG3M,FG3A,FG3_PCT,FTM,FTA,FT_PCT,OREB,DREB,REB,AST,PF,STL,TOV,BLK,PTS,PTS_RANK
1610612737,Atlanta,Hawks,2013,82,38,44,0.463,8,4,3,4,15,5,N/A,3061,6688,0.458,768,2116,0.363,1392,1782,0.781,713,2565,3278,2041,1577,680,1251,326,8282,15
1610612737,Atlanta,Hawks,2014,82,60,22,0.732,1,1,8,8,15,5,N/A,3121,6699,0.466,818,2152,0.38,1349,1735,0.778,715,2611,3326,2111,1457,744,1167,380,8409,10
1610612737,Atlanta,Hawks,2015,82,48,34,0.585,4,2,4,6,15,5,N/A,3168,6923,0.458,815,2326,0.35,1282,1638,0.783,679,2772,3451,2100,1570,747,1226,486,8433,12
1610612737,Atlanta,Hawks,2016,82,43,39,0.524,5,2,2,4,15,5,N/A,3123,6918,0.451,729,2137,0.341,1484,2039,0.728,842,2793,3635,1938,1491,672,1294,397,8459,22
1610612737,Atlanta,Hawks,2017,82,24,58,0.293,15,5,0,0,15,5,N/A,3130,7015,0.446,917,2544,0.36,1298,1654,0.785,743,2693,3436,1946,1606,638,1274,348,8475,25
1610612737,Atlanta,Hawks,2018,82,29,53,0.354,12,5,0,0,15,5,N/A,3392,7524,0.451,1067,3034,0.352,1443,1918,0.752,955,2825,3780,2118,1932,675,1397,419,9294,12
1610612737,Atlanta,Hawks,2019,67,20,47,0.299,14,5,0,0,15,5,N/A,2723,6067,0.449,805,2416,0.333,1237,1566,0.79,661,2237,2898,1605,1548,523,1086,341,7488,23
1610612737,Atlanta,Hawks,2020,72,41,31,0.569,5,1,10,8,15,5,N/A,2937,6281,0.468,895,2402,0.373,1417,1745,0.812,760,2525,3285,1737,1392,503,953,342,8186,13
1610612737,Atlanta,Hawks,2021,82,43,39,0.524,8,2,1,4,15,5,N/A,3401,7241,0.47,1056,2821,0.374,1485,1829,0.812,823,2783,3606,2017,1534,587,972,348,9343,6
1610612737,Atlanta,Hawks,2022,82,41,41,0.5,7,2,2,4,15,5,N/A,3658,7574,0.483,882,2505,0.352,1513,1850,0.818,920,2719,3639,2049,1541,580,1060,401,9711,3
1610612738,Boston,Celtics,2013,82,25,57,0.305,12,4,0,0,15,5,N/A,2996,6883,0.435,575,1729,0.333,1325,1706,0.777,980,2505,3485,1726,1743,584,1261,343,7892,26
1610612738,Boston,Celtics,2014,82,40,42,0.488,7,2,0,4,15,5,N/A,3193,7211,0.443,660,2021,0.327,1266,1678,0.754,910,2685,3595,2009,1738,674,1133,294,8312,13
1610612738,Boston,Celtics,2015,82,48,34,0.585,5,2,2,4,15,5,N/A,3216,7318,0.439,717,2142,0.335,1520,1929,0.788,950,2733,3683,1981,1796,752,1127,348,8669,5
1610612738,Boston,Celtics,2016,82,53,29,0.646,1,1,9,9,15,5,N/A,3168,6977,0.454,985,2741,0.359,1536,1903,0.807,743,2698,3441,2069,1686,617,1088,340,8857,7
1610612738,Boston,Celtics,2017,82,55,27,0.671,2,2,11,8,15,5,N/A,3141,6975,0.45,939,2492,0.377,1308,1697,0.771,767,2878,3645,1842,1618,604,1148,373,8529,20
1610612738,Boston,Celtics,2018,82,49,33,0.598,4,3,5,4,15,5,N/A,3451,7423,0.465,1032,2829,0.365,1282,1598,0.802,804,2849,3653,2155,1670,706,1052,435,9216,14
1610612738,Boston,Celtics,2019,72,48,24,0.667,3,2,10,7,15,5,N/A,2971,6448,0.461,905,2487,0.364,1336,1668,0.801,768,2549,3317,1655,1553,595,995,406,8183,10
1610612738,Boston,Celtics,2020,72,36,36,0.5,7,4,1,4,15,5,N/A,2985,6401,0.466,979,2618,0.374,1160,1496,0.775,765,2421,3186,1689,1471,556,1012,383,8109,16
1610612738,Boston,Celtics,2021,82,51,31,0.622,2,1,14,10,15,5,FINALS APPEARANCE,3341,7167,0.466,1085,3044,0.356,1397,1713,0.816,863,2915,3778,2036,1521,591,1118,478,9164,12
1610612738,Boston,Celtics,2022,82,57,25,0.695,2,1,11,9,15,5,N/A,3460,7278,0.475,1315,3492,0.377,1436,1769,0.812,796,2921,3717,2186,1542,521,1095,430,9671,4
1610612739,Cleveland,Cavaliers,2013,82,33,49,0.402,10,3,0,0,15,5,N/A,3036,6955,0.437,584,1640,0.356,1398,1861,0.751,989,2629,3618,1738,1640,579,1163,304,8054,22
1610612739,Cleveland,Cavaliers,2014,82,53,29,0.646,2,1,14,6,15,5,FINALS APPEARANCE,3089,6739,0.458,826,2253,0.367,1453,1934,0.751,911,2612,3523,1814,1510,603,1171,340,8457,8
1610612739,Cleveland,Cavaliers,2015,82,57,25,0.695,1,1,16,5,15,5,LEAGUE CHAMPION,3171,6888,0.46,880,2428,0.362,1333,1783,0.748,873,2777,3650,1861,1666,551,1114,317,8555,8
1610612739,Cleveland,Cavaliers,2016,82,51,31,0.622,2,1,13,5,15,5,FINALS APPEARANCE,3275,6963,0.47,1067,2779,0.384,1431,1913,0.748,766,2821,3587,1858,1486,539,1121,327,9048,4
1610612739,Cleveland,Cavaliers,2017,82,50,32,0.61,4,1,12,10,15,5,FINALS APPEARANCE,3311,6950,0.476,981,2636,0.372,1488,1909,0.779,694,2761,3455,1916,1524,582,1126,312,9091,5
1610612739,Cleveland,Cavaliers,2018,82,19,63,0.232,14,5,0,0,15,5,N/A,3189,7184,0.444,847,2388,0.355,1342,1694,0.792,879,2619,3498,1698,1642,534,1106,195,8567,29
1610612739,Cleveland,Cavaliers,2019,65,19,46,0.292,15,5,0,0,15,5,N/A,2619,5715,0.458,727,2070,0.351,983,1296,0.758,704,2172,2876,1500,1188,447,1073,211,6948,27
1610612739,Cleveland,Cavaliers,2020,72,22,50,0.306,13,4,0,0,15,5,N/A,2778,6175,0.45,720,2141,0.336,1200,1614,0.743,751,2327,3078,1716,1308,559,1114,325,7476,30
1610612739,Cleveland,Cavaliers,2021,82,44,38,0.537,9,3,0,0,15,5,N/A,3255,6940,0.469,953,2686,0.355,1376,1810,0.76,837,2786,3623,2064,1433,580,1181,343,8839,25
1610612739,Cleveland,Cavaliers,2022,82,51,31,0.622,4,2,1,4,15,5,N/A,3408,6984,0.488,950,2589,0.367,1439,1844,0.78,795,2574,3369,2045,1560,586,1094,384,9205,25
1610612740,New Orleans,Pelicans,2013,82,34,48,0.415,12,5,0,0,15,5,N/A,3101,6761,0.459,486,1303,0.373,1489,1936,0.769,933,2486,3419,1745,1857,647,1129,523,8177,18
1610612740,New Orleans,Pelicans,2014,82,45,37,0.549,8,5,0,4,15,5,N/A,3108,6795,0.457,586,1583,0.37,1345,1790,0.751,942,2621,3563,1806,1530,553,1087,510,8147,16
1610612740,New Orleans,Pelicans,2015,82,30,52,0.366,12,5,0,0,15,5,N/A,3153,7040,0.448,702,1951,0.36,1415,1823,0.776,782,2712,3494,1818,1713,633,1102,342,8423,13
1610612740,New Orleans,Pelicans,2016,82,34,48,0.415,10,4,0,0,15,5,N/A,3210,7130,0.45,768,2196,0.35,1368,1825,0.75,703,2879,3582,1869,1490,638,1054,453,8556,18
1610612740,New Orleans,Pelicans,2017,82,48,34,0.585,6,2,5,4,15,5,N/A,3500,7241,0.483,837,2312,0.362,1324,1716,0.772,712,2923,3635,2195,1570,657,1223,485,9161,3
1610612740,New Orleans,Pelicans,2018,82,33,49,0.402,13,4,0,0,15,5,N/A,3581,7563,0.473,842,2449,0.344,1462,1921,0.761,909,2969,3878,2216,1732,610,1215,441,9466,3
1610612740,New Orleans,Pelicans,2019,72,30,42,0.417,13,5,0,0,15,5,N/A,3065,6598,0.465,982,2656,0.37,1229,1687,0.729,797,2551,3348,1932,1524,539,1181,358,8341,6
1610612740,New Orleans,Pelicans,2020,72,31,41,0.431,11,4,0,0,15,5,N/A,3060,6412,0.477,762,2190,0.348,1369,1878,0.729,845,2568,3413,1872,1295,545,1052,315,8251,9
1610612740,New Orleans,Pelicans,2021,82,36,46,0.439,8,3,2,4,15,5,N/A,3294,7212,0.457,873,2629,0.332,1501,1903,0.789,981,2726,3707,2047,1612,680,1153,328,8962,21
1610612740,New Orleans,Pelicans,2022,82,42,40,0.512,9,2,0,0,15,5,N/A,3447,7180,0.48,899,2468,0.364,1585,2000,0.793,866,2717,3583,2122,1678,681,1196,337,9378,15
1610612741,Chicago,Bulls,2013,82,48,34,0.585,4,2,1,4,15,5,N/A,2843,6577,0.432,508,1459,0.348,1486,1908,0.779,937,2683,3620,1860,1565,594,1223,424,7680,30
1610612741,Chicago,Bulls,2014,82,50,32,0.61,3,2,6,6,15,5,N/A,3001,6797,0.442,645,1825,0.353,1618,2067,0.783,959,2792,3751,1781,1495,514,1145,476,8265,15
1610612741,Chicago,Bulls,2015,82,42,40,0.512,9,4,0,0,15,5,N/A,3165,7170,0.441,651,1753,0.371,1354,1720,0.787,907,2889,3796,1870,1545,495,1141,470,8335,21
1610612741,Chicago,Bulls,2016,82,41,41,0.5,8,4,2,4,15,5,N/A,3169,7141,0.444,623,1831,0.34,1474,1848,0.798,999,2797,3796,1851,1455,643,1112,393,8435,23
1610612741,Chicago,Bulls,2017,82,27,55,0.329,13,5,0,0,15,5,N/A,3170,7285,0.435,906,2549,0.355,1194,1574,0.759,790,2872,3662,1923,1571,626,1147,289,8440,26
1610612741,Chicago,Bulls,2018,82,22,60,0.268,13,4,0,0,15,5,N/A,3266,7205,0.453,745,2123,0.351,1328,1695,0.783,718,2799,3517,1796,1663,603,1159,351,8605,27
1610612741,Chicago,Bulls,2019,65,22,43,0.338,11,3,0,0,15,5,N/A,2573,5762,0.447,793,2282,0.348,1006,1332,0.755,680,2041,2721,1510,1417,652,1005,265,6945,28
1610612741,Chicago,Bulls,2020,72,31,41,0.431,11,3,0,0,15,5,N/A,3035,6380,0.476,904,2446,0.37,995,1258,0.791,693,2544,3237,1927,1362,482,1089,304,7969,21
1610612741,Chicago,Bulls,2021,82,46,36,0.561,6,2,1,4,15,5,N/A,3422,7127,0.48,872,2364,0.369,1436,1766,0.813,711,2760,3471,1958,1540,585,1053,336,9152,13
1610612741,Chicago,Bulls,2022,82,40,42,0.488,10,3,0,0,15,5,N/A,3488,7116,0.49,854,2367,0.361,1446,1788,0.809,694,2779,3473,2006,1551,644,1097,371,9276,22
1610612742,Dallas,Mavericks,2013,82,49,33,0.598,8,4,3,4,15,5,N/A,3249,6858,0.474,721,1877,0.384,1378,1733,0.795,840,2514,3354,1935,1636,704,1110,356,8597,8
1610612742,Dallas,Mavericks,2014,82,50,32,0.61,7,4,1,4,15,5,N/A,3255,7036,0.463,732,2082,0.352,1386,1843,0.752,858,2608,3466,1846,1644,663,1062,371,8628,3
1610612742,Dallas,Mavericks,2015,82,42,40,0.512,6,2,1,4,15,5,N/A,3064,6900,0.444,806,2342,0.344,1454,1831,0.794,751,2781,3532,1813,1595,560,1047,306,8388,16
1610612742,Dallas,Mavericks,2016,82,33,49,0.402,11,5,0,0,15,5,N/A,2968,6750,0.44,878,2473,0.355,1215,1516,0.801,647,2516,3163,1705,1567,614,972,307,8029,30
1610612742,Dallas,Mavericks,2017,82,24,58,0.293,13,4,0,0,15,5,N/A,3128,7042,0.444,967,2688,0.36,1167,1530,0.763,666,2717,3383,1858,1578,578,1007,310,8390,28
1610612742,Dallas,Mavericks,2018,82,33,49,0.402,14,5,0,0,15,5,N/A,3182,7122,0.447,1022,3002,0.34,1541,2076,0.742,832,2884,3716,1918,1650,533,1167,351,8927,21
1610612742,Dallas,Mavericks,2019,75,43,32,0.573,7,2,2,4,15,5,N/A,3124,6772,0.461,1136,3095,0.367,1392,1787,0.779,791,2729,3520,1849,1462,460,953,363,8776,1
1610612742,Dallas,Mavericks,2020,72,42,30,0.583,5,1,3,4,15,5,N/A,2958,6287,0.47,994,2744,0.362,1186,1524,0.778,657,2463,3120,1647,1396,450,869,311,8096,17
1610612742,Dallas,Mavericks,2021,82,52,30,0.634,4,2,9,9,15,5,N/A,3222,6982,0.461,1073,3063,0.35,1341,1739,0.771,759,2769,3528,1918,1612,552,1025,325,8858,24
1610612742,Dallas,Mavericks,2022,82,38,44,0.463,11,3,0,0,15,5,N/A,3283,6909,0.475,1246,3362,0.371,1554,2057,0.755,625,2556,3181,1880,1697,514,1002,304,9366,16
1610612743,Denver,Nuggets,2013,82,36,46,0.439,11,4,0,0,15,5,N/A,3147,7042,0.447,702,1959,0.358,1563,2154,0.726,1009,2717,3726,1838,1890,615,1305,459,8559,9
1610612743,Denver,Nuggets,2014,82,30,52,0.366,12,4,0,0,15,5,N/A,3099,7158,0.433,660,2032,0.325,1462,1991,0.734,1012,2653,3665,1788,1882,641,1166,367,8320,12
1610612743,Denver,Nuggets,2015,82,33,49,0.402,11,4,0,0,15,5,N/A,3093,7003,0.442,656,1943,0.338,1513,1974,0.766,941,2718,3659,1858,1723,609,1202,395,8355,20
1610612743,Denver,Nuggets,2016,82,40,42,0.488,9,4,0,0,15,5,N/A,3377,7194,0.469,870,2365,0.368,1537,1986,0.774,966,2837,3803,2077,1567,568,1226,323,9161,3
1610612743,Denver,Nuggets,2017,82,46,36,0.561,9,5,0,0,15,5,N/A,3338,7102,0.47,940,2536,0.371,1404,1830,0.767,902,2748,3650,2059,1533,627,1226,404,9020,6
1610612743,Denver,Nuggets,2018,82,54,28,0.659,2,1,7,7,15,5,N/A,3439,7384,0.466,903,2571,0.351,1294,1714,0.755,972,2832,3804,2245,1644,634,1102,363,9075,20
1610612743,Denver,Nuggets,2019,73,46,27,0.63,3,1,9,10,15,5,N/A,3069,6488,0.473,801,2234,0.359,1185,1526,0.777,786,2436,3222,1952,1485,586,1005,337,8124,12
1610612743,Denver,Nuggets,2020,72,47,25,0.653,3,2,4,6,15,5,N/A,3114,6422,0.485,927,2462,0.377,1129,1406,0.803,758,2442,3200,1933,1374,582,972,323,8284,8
1610612743,Denver,Nuggets,2021,82,48,34,0.585,6,2,1,4,15,5,N/A,3416,7079,0.483,1039,2944,0.353,1372,1725,0.795,752,2865,3617,2279,1639,592,1189,305,9243,10
1610612743,Denver,Nuggets,2022,82,53,29,0.646,1,1,16,4,15,5,LEAGUE CHAMPION,3574,7088,0.504,969,2559,0.379,1378,1834,0.751,828,2699,3527,2368,1525,618,1192,368,9495,12
1610612744,Golden State,Warriors,2013,82,51,31,0.622,6,2,3,4,15,5,N/A,3236,7005,0.462,774,2037,0.38,1303,1731,0.753,896,2819,3715,1912,1784,642,1247,407,8549,10
1610612744,Golden State,Warriors,2014,82,67,15,0.817,1,1,16,5,15,5,LEAGUE CHAMPION,3410,7137,0.478,883,2217,0.398,1313,1709,0.768,853,2814,3667,2248,1628,762,1185,496,9016,1
1610612744,Golden State,Warriors,2015,82,73,9,0.89,1,1,15,9,15,5,FINALS APPEARANCE,3489,7159,0.487,1077,2592,0.416,1366,1790,0.763,816,2972,3788,2373,1701,689,1245,498,9421,1
1610612744,Golden State,Warriors,2016,82,67,15,0.817,1,1,16,1,15,5,LEAGUE CHAMPION,3532,7140,0.495,982,2562,0.383,1457,1850,0.788,770,2873,3643,2491,1585,785,1211,555,9503,1
1610612744,Golden State,Warriors,2017,82,58,24,0.707,2,1,16,5,15,5,LEAGUE CHAMPION,3509,6979,0.503,926,2369,0.391,1360,1668,0.815,691,2877,3568,2402,1607,656,1265,612,9304,1
1610612744,Golden State,Warriors,2018,82,57,25,0.695,1,1,14,8,15,5,FINALS APPEARANCE,3612,7361,0.491,1087,2824,0.385,1339,1672,0.801,797,2990,3787,2413,1757,625,1169,525,9650,2
1610612744,Golden State,Warriors,2019,65,15,50,0.231,15,5,0,0,15,5,N/A,2510,5730,0.438,678,2032,0.334,1214,1511,0.803,647,2138,2785,1663,1304,534,969,299,6912,29
1610612744,Golden State,Warriors,2020,72,39,33,0.542,9,4,0,0,15,5,N/A,2973,6347,0.468,1048,2789,0.376,1193,1520,0.785,574,2524,3098,1991,1526,587,1080,342,8187,12
1610612744,Golden State,Warriors,2021,82,53,29,0.646,3,2,16,6,15,5,LEAGUE CHAMPION,3323,7087,0.469,1176,3231,0.364,1280,1665,0.769,800,2930,3730,2223,1723,719,1221,372,9102,15
1610612744,Golden State,Warriors,2022,82,44,38,0.537,6,4,6,7,15,5,N/A,3538,7393,0.479,1363,3540,0.385,1314,1655,0.794,864,2793,3657,2446,1757,588,1336,323,9753,2
1610612745,Houston,Rockets,2013,82,54,28,0.659,4,2,2,4,15,5,N/A,3118,6603,0.472,779,2179,0.358,1814,2549,0.712,920,2797,3717,1755,1676,621,1323,461,8829,2
1610612745,Houston,Rockets,2014,82,56,26,0.683,2,1,9,8,15,5,N/A,3032,6832,0.444,933,2680,0.348,1525,2133,0.715,958,2624,3582,1820,1803,777,1366,407,8522,6
1610612745,Houston,Rockets,2015,82,41,41,0.5,8,4,1,4,15,5,N/A,3094,6847,0.452,878,2533,0.347,1671,2407,0.694,930,2601,3531,1821,1790,821,1307,430,8737,4
1610612745,Houston,Rockets,2016,82,55,27,0.671,3,2,6,5,15,5,N/A,3305,7152,0.462,1181,3306,0.357,1667,2177,0.766,892,2746,3638,2070,1634,670,1240,352,9458,2
1610612745,Houston,Rockets,2017,82,65,17,0.793,1,1,11,6,15,5,N/A,3174,6906,0.46,1256,3470,0.362,1609,2061,0.781,739,2825,3564,1767,1597,699,1135,392,9213,2
1610612745,Houston,Rockets,2018,82,53,29,0.646,4,1,6,5,15,5,N/A,3218,7163,0.449,1323,3721,0.356,1582,2001,0.791,836,2613,3449,1741,1803,700,1094,405,9341,11
1610612745,Houston,Rockets,2019,72,44,28,0.611,4,1,5,7,15,5,N/A,2936,6512,0.451,1126,3261,0.345,1484,1876,0.791,704,2484,3188,1557,1566,627,1057,371,8482,4
1610612745,Houston,Rockets,2020,72,17,55,0.236,15,5,0,0,15,5,N/A,2826,6372,0.444,992,2923,0.339,1189,1606,0.74,671,2396,3067,1699,1407,546,1060,361,7833,24
1610612745,Houston,Rockets,2021,82,20,62,0.244,15,5,0,0,15,5,N/A,3229,7083,0.456,1105,3170,0.349,1434,2010,0.713,786,2660,3446,1932,1692,600,1351,382,8997,19
1610612745,Houston,Rockets,2022,82,22,60,0.268,14,4,0,0,15,5,N/A,3329,7287,0.457,856,2619,0.327,1567,2078,0.754,1100,2695,3795,1835,1679,600,1332,374,9081,28
1610612746,Los Angeles,Clippers,2013,82,57,25,0.695,3,1,6,7,15,5,N/A,3208,6761,0.474,693,1966,0.352,1741,2384,0.73,858,2668,3526,2016,1767,703,1136,397,8850,1
1610612746,Los Angeles,Clippers,2014,82,56,26,0.683,3,2,7,7,15,5,N/A,3228,6830,0.473,827,2202,0.376,1468,2067,0.71,784,2711,3495,2031,1749,640,1012,409,8751,2
1610612746,LA,Clippers,2015,82,53,29,0.646,4,2,2,4,15,5,N/A,3141,6759,0.465,797,2190,0.364,1490,2152,0.692,721,2727,3448,1873,1746,709,1063,460,8569,7
1610612746,LA,Clippers,2016,82,51,31,0.622,4,2,3,4,15,5,N/A,3242,6820,0.475,841,2245,0.375,1586,2128,0.745,738,2790,3528,1848,1626,612,1062,347,8911,6
1610612746,LA,Clippers,2017,82,42,40,0.512,10,2,0,0,15,5,N/A,3302,7004,0.471,777,2196,0.354,1556,2095,0.743,832,2766,3598,1832,1638,628,1204,372,8937,9
1610612746,LA,Clippers,2018,82,48,34,0.585,8,2,2,4,15,5,N/A,3384,7178,0.471,821,2118,0.388,1853,2340,0.792,796,2936,3732,1970,1913,561,1193,385,9442,5
1610612746,LA,Clippers,2019,72,49,23,0.681,2,2,7,6,15,5,N/A,2992,6425,0.466,895,2410,0.371,1498,1894,0.791,767,2664,3431,1708,1594,511,1051,338,8377,5
1610612746,LA,Clippers,2020,72,47,25,0.653,4,2,10,9,15,5,N/A,3009,6242,0.482,1027,2498,0.411,1164,1387,0.839,678,2501,3179,1756,1383,509,949,295,8209,10
1610612746,LA,Clippers,2021,82,42,40,0.512,9,3,0,0,15,5,N/A,3285,7170,0.458,1047,2802,0.374,1273,1606,0.793,747,2860,3607,1969,1528,608,1126,406,8890,23
1610612746,LA,Clippers,2022,82,44,38,0.537,5,3,1,4,15,5,N/A,3370,7059,0.477,1041,2735,0.381,1533,1962,0.781,803,2742,3545,1959,1598,580,1167,364,9314,18
1610612747,Los Angeles,Lakers,2013,82,27,55,0.329,14,5,0,0,15,5,N/A,3139,6980,0.45,774,2032,0.381,1390,1835,0.757,745,2620,3365,2006,1627,611,1239,446,8442,11
1610612747,Los Angeles,Lakers,2014,82,21,61,0.256,14,5,0,0,15,5,N/A,3054,7020,0.435,532,1546,0.344,1433,1935,0.741,952,2647,3599,1715,1741,578,1086,366,8073,19
1610612747,Los Angeles,Lakers,2015,82,17,65,0.207,15,5,0,0,15,5,N/A,2880,6956,0.414,639,2016,0.317,1583,2028,0.781,878,2645,3523,1478,1662,593,1124,337,7982,30
1610612747,Los Angeles,Lakers,2016,82,26,56,0.317,14,4,0,0,15,5,N/A,3224,7164,0.45,730,2110,0.346,1397,1853,0.754,933,2636,3569,1716,1698,674,1243,320,8575,17
1610612747,Los Angeles,Lakers,2017,82,35,47,0.427,11,3,0,0,15,5,N/A,3338,7248,0.461,822,2384,0.345,1364,1910,0.714,876,2927,3803,1949,1736,633,1295,388,8862,11
1610612747,Los Angeles,Lakers,2018,82,37,45,0.451,10,4,0,0,15,5,N/A,3491,7425,0.47,847,2541,0.333,1336,1910,0.699,835,2985,3820,2096,1701,618,1284,440,9165,16
1610612747,Los Angeles,Lakers,2019,71,52,19,0.732,1,1,16,5,15,5,LEAGUE CHAMPION,3006,6269,0.48,782,2242,0.349,1260,1728,0.729,757,2490,3247,1803,1471,612,1077,468,8054,16
1610612747,Los Angeles,Lakers,2020,72,42,30,0.583,7,3,2,4,15,5,N/A,2925,6197,0.472,796,2248,0.354,1241,1679,0.739,695,2490,3185,1775,1377,562,1095,386,7887,22
1610612747,Los Angeles,Lakers,2021,82,33,49,0.402,11,4,0,0,15,5,N/A,3415,7279,0.469,982,2826,0.347,1380,1884,0.732,782,2826,3608,1968,1654,626,1191,425,9192,11
1610612747,Los Angeles,Lakers,2022,82,43,39,0.524,7,5,8,8,15,5,N/A,3516,7298,0.482,885,2558,0.346,1691,2182,0.775,818,2930,3748,2072,1466,526,1154,378,9608,6
1610612748,Miami,Heat,2013,82,54,28,0.659,2,1,13,7,15,5,FINALS APPEARANCE,3142,6272,0.501,665,1829,0.364,1431,1884,0.76,627,2397,3024,1847,1596,732,1212,367,8380,12
1610612748,Miami,Heat,2014,82,37,45,0.451,10,3,0,0,15,5,N/A,2885,6330,0.456,556,1659,0.335,1438,1940,0.741,747,2461,3208,1626,1636,642,1214,372,7764,27
1610612748,Miami,Heat,2015,82,48,34,0.585,3,1,7,7,15,5,N/A,3150,6697,0.47,498,1480,0.336,1406,1889,0.744,807,2811,3618,1709,1502,553,1155,531,8204,23
1610612748,Miami,Heat,2016,82,41,41,0.5,9,3,0,0,15,5,N/A,3202,7037,0.455,808,2213,0.365,1248,1768,0.706,872,2705,3577,1742,1680,588,1102,469,8460,21
1610612748,Miami,Heat,2017,82,44,38,0.537,6,1,1,4,15,5,N/A,3184,6997,0.455,903,2506,0.36,1209,1601,0.755,763,2801,3564,1862,1648,620,1178,437,8480,23
1610612748,Miami,Heat,2018,82,39,43,0.476,10,3,0,0,15,5,N/A,3251,7218,0.45,928,2658,0.349,1238,1782,0.695,921,2879,3800,1991,1712,627,1208,448,8668,26
1610612748,Miami,Heat,2019,73,44,29,0.603,5,1,14,7,15,5,FINALS APPEARANCE,2880,6160,0.468,979,2584,0.379,1440,1840,0.783,620,2619,3239,1892,1501,547,1088,332,8179,11
1610612748,Miami,Heat,2020,72,40,32,0.556,6,2,0,4,15,5,N/A,2824,6029,0.468,932,2606,0.358,1201,1520,0.79,579,2409,2988,1895,1363,569,1013,286,7781,25
1610612748,Miami,Heat,2021,82,53,29,0.646,1,1,11,7,15,5,N/A,3246,6954,0.467,1114,2936,0.379,1416,1753,0.808,807,2778,3585,2090,1679,606,1194,265,9022,17
1610612748,Miami,Heat,2022,82,44,38,0.537,8,1,13,10,15,5,FINALS APPEARANCE,3215,6991,0.46,980,2852,0.344,1567,1885,0.831,796,2533,3329,1955,1516,655,1106,243,8977,30
1610612749,Milwaukee,Bucks,2013,82,15,67,0.183,15,5,0,0,15,5,N/A,2952,6737,0.438,548,1553,0.353,1377,1843,0.747,971,2399,3370,1760,1713,541,1238,403,7829,28
1610612749,Milwaukee,Bucks,2014,82,41,41,0.5,6,3,2,4,15,5,N/A,3083,6722,0.459,545,1500,0.363,1312,1734,0.757,876,2574,3450,1932,1814,789,1373,403,8023,22
1610612749,Milwaukee,Bucks,2015,82,33,49,0.402,12,5,0,0,15,5,N/A,3145,6740,0.467,440,1277,0.345,1392,1863,0.747,858,2559,3417,1895,1695,672,1247,475,8122,25
1610612749,Milwaukee,Bucks,2016,82,42,40,0.512,6,2,2,4,15,5,N/A,3182,6715,0.474,720,1946,0.37,1413,1839,0.768,723,2589,3312,1984,1660,666,1145,436,8497,20
1610612749,Milwaukee,Bucks,2017,82,44,38,0.537,7,3,3,4,15,5,N/A,3257,6807,0.478,718,2024,0.355,1499,1915,0.783,688,2579,3267,1905,1752,722,1135,443,8731,15
1610612749,Milwaukee,Bucks,2018,82,60,22,0.732,1,1,10,5,15,5,N/A,3555,7471,0.476,1105,3134,0.353,1471,1904,0.773,762,3316,4078,2136,1608,615,1137,486,9686,1
1610612749,Milwaukee,Bucks,2019,73,56,17,0.767,1,1,5,5,15,5,N/A,3160,6638,0.476,1007,2840,0.355,1336,1800,0.742,691,3083,3774,1889,1431,526,1102,429,8663,2
1610612749,Milwaukee,Bucks,2020,72,46,26,0.639,3,1,16,7,15,5,LEAGUE CHAMPION,3221,6610,0.487,1038,2669,0.389,1169,1539,0.76,741,2724,3465,1834,1244,585,995,334,8649,1
1610612749,Milwaukee,Bucks,2021,82,51,31,0.622,3,1,7,5,15,5,N/A,3429,7331,0.468,1153,3151,0.366,1459,1881,0.776,840,2990,3830,1960,1494,623,1100,326,9470,3
1610612749,Milwaukee,Bucks,2022,82,58,24,0.707,1,1,1,4,15,5,N/A,3504,7411,0.473,1217,3306,0.368,1364,1837,0.743,914,3074,3988,2115,1481,521,1199,403,9589,8
1610612750,Minnesota,Timberwolves,2013,82,40,42,0.488,10,3,0,0,15,5,N/A,3189,7175,0.444,600,1757,0.341,1790,2301,0.778,1024,2644,3668,1963,1504,718,1142,297,8768,3
1610612750,Minnesota,Timberwolves,2014,82,16,66,0.195,15,5,0,0,15,5,N/A,2986,6820,0.438,406,1223,0.332,1638,2110,0.776,949,2406,3355,1771,1571,668,1231,327,8016,23
1610612750,Minnesota,Timberwolves,2015,82,29,53,0.354,13,5,0,0,15,5,N/A,3095,6668,0.464,455,1347,0.338,1753,2213,0.792,821,2587,3408,1916,1696,656,1231,375,8398,15
1610612750,Minnesota,Timberwolves,2016,82,31,51,0.378,13,5,0,0,15,5,N/A,3235,6922,0.467,601,1723,0.349,1586,1986,0.799,938,2540,3478,1940,1646,654,1150,370,8657,13
1610612750,Minnesota,Timberwolves,2017,82,47,35,0.573,8,4,1,4,15,5,N/A,3365,7063,0.476,658,1845,0.357,1592,1980,0.804,848,2593,3441,1861,1495,689,1021,345,8980,8
1610612750,Minnesota,Timberwolves,2018,82,36,46,0.439,11,5,0,0,15,5,N/A,3413,7483,0.456,827,2357,0.351,1570,1995,0.787,923,2750,3673,2018,1664,683,1074,411,9223,13
1610612750,Minnesota,Timberwolves,2019,64,19,45,0.297,14,5,0,0,15,5,N/A,2586,5865,0.441,853,2540,0.336,1223,1624,0.753,675,2193,2868,1525,1370,555,981,362,7248,24
1610612750,Minnesota,Timberwolves,2020,72,23,49,0.319,13,4,0,0,15,5,N/A,2932,6546,0.448,944,2706,0.349,1265,1662,0.761,757,2376,3133,1846,1507,632,1027,398,8073,18
1610612750,Minnesota,Timberwolves,2021,82,46,36,0.561,7,3,2,4,15,5,N/A,3411,7458,0.457,1211,3386,0.358,1474,1894,0.778,921,2700,3621,2106,1786,721,1175,460,9507,1
1610612750,Minnesota,Timberwolves,2022,82,42,40,0.512,8,2,1,4,15,5,N/A,3515,7167,0.49,997,2731,0.365,1467,1942,0.755,749,2686,3435,2145,1768,657,1258,444,9494,13
1610612751,Brooklyn,Nets,2013,82,44,38,0.537,6,2,5,7,15,5,N/A,2931,6391,0.459,709,1922,0.369,1508,2002,0.753,721,2407,3128,1714,1777,705,1191,311,8079,21
1610612751,Brooklyn,Nets,2014,82,38,44,0.463,8,3,2,4,15,5,N/A,3069,6804,0.451,541,1633,0.331,1359,1817,0.748,846,2627,3473,1716,1579,576,1133,340,8038,21
1610612751,Brooklyn,Nets,2015,82,21,61,0.256,14,4,0,0,15,5,N/A,3136,6920,0.453,531,1508,0.352,1286,1699,0.757,863,2614,3477,1829,1476,627,1212,332,8089,26
1610612751,Brooklyn,Nets,2016,82,20,62,0.244,15,5,0,0,15,5,N/A,3102,6987,0.444,877,2591,0.338,1592,2020,0.788,721,2879,3600,1756,1726,593,1356,387,8673,12
1610612751,Brooklyn,Nets,2017,82,28,54,0.341,12,5,0,0,15,5,N/A,3136,7114,0.441,1041,2924,0.356,1428,1850,0.772,792,2852,3644,1941,1688,512,1245,390,8741,14
1610612751,Brooklyn,Nets,2018,82,42,40,0.512,6,4,1,4,15,5,N/A,3301,7358,0.449,1047,2965,0.353,1555,2088,0.745,900,2919,3819,1954,1763,539,1236,339,9204,15
1610612751,Brooklyn,Nets,2019,72,35,37,0.486,7,4,0,4,15,5,N/A,2908,6498,0.448,941,2746,0.343,1291,1732,0.745,766,2683,3449,1761,1510,464,1099,323,8048,17
1610612751,Brooklyn,Nets,2020,72,48,24,0.667,2,2,7,5,15,5,N/A,3106,6289,0.494,1020,2600,0.392,1305,1623,0.804,640,2559,3199,1929,1371,484,975,379,8537,2
1610612751,Brooklyn,Nets,2021,82,44,38,0.537,7,4,0,4,15,5,N/A,3442,7251,0.475,940,2602,0.361,1434,1781,0.805,844,2796,3640,2071,1670,582,1153,448,9258,9
1610612751,Brooklyn,Nets,2022,82,45,37,0.549,6,4,0,4,15,5,N/A,3399,6978,0.487,1048,2771,0.378,1449,1811,0.8,674,2648,3322,2093,1730,585,1127,506,9295,20
1610612752,New York,Knicks,2013,82,37,45,0.451,9,3,0,0,15,5,N/A,3027,6739,0.449,759,2038,0.372,1271,1670,0.761,870,2437,3307,1641,1815,631,1063,367,8084,20
1610612752,New York,Knicks,2014,82,17,65,0.207,15,5,0,0,15,5,N/A,2882,6726,0.428,560,1614,0.347,1211,1575,0.769,867,2443,3310,1746,1768,575,1206,382,7535,30
1610612752,New York,Knicks,2015,82,32,50,0.39,13,3,0,0,15,5,N/A,3022,6886,0.439,610,1762,0.346,1411,1753,0.805,850,2788,3638,1682,1616,467,1099,466,8065,27
1610612752,New York,Knicks,2016,82,31,51,0.378,12,3,0,0,15,5,N/A,3244,7256,0.447,704,2022,0.348,1364,1731,0.788,983,2723,3706,1786,1668,581,1139,455,8556,18
1610612752,New York,Knicks,2017,82,29,53,0.354,11,4,0,0,15,5,N/A,3334,7193,0.464,673,1914,0.352,1225,1557,0.787,859,2752,3611,1912,1682,552,1208,421,8566,18
1610612752,New York,Knicks,2018,82,17,65,0.207,15,5,0,0,15,5,N/A,3134,7241,0.433,823,2421,0.34,1484,1956,0.759,857,2811,3668,1646,1713,557,1151,422,8575,28
1610612752,New York,Knicks,2019,66,21,45,0.318,12,5,0,0,15,5,N/A,2638,5896,0.447,631,1872,0.337,1076,1550,0.694,795,2274,3069,1456,1464,504,946,313,6983,26
1610612752,New York,Knicks,2020,72,41,31,0.569,4,3,1,4,15,5,N/A,2839,6225,0.456,847,2163,0.392,1181,1506,0.784,696,2554,3250,1541,1473,507,932,365,7706,26
1610612752,New York,Knicks,2021,82,37,45,0.451,11,5,0,0,15,5,N/A,3088,7069,0.437,1082,3029,0.357,1473,1980,0.744,941,2841,3782,1793,1672,570,1087,399,8731,26
1610612752,New York,Knicks,2022,82,47,35,0.573,5,3,6,5,15,5,N/A,3444,7328,0.47,1037,2930,0.354,1589,2087,0.761,1031,2790,3821,1880,1666,527,1065,340,9514,11
1610612753,Orlando,Magic,2013,82,23,59,0.28,13,5,0,0,15,5,N/A,3022,6784,0.445,563,1596,0.353,1307,1714,0.763,794,2654,3448,1726,1678,630,1222,350,7914,25
1610612753,Orlando,Magic,2014,82,25,57,0.305,13,5,0,0,15,5,N/A,3076,6792,0.453,554,1598,0.347,1141,1565,0.729,822,2607,3429,1692,1714,647,1221,314,7847,25
1610612753,Orlando,Magic,2015,82,35,47,0.427,11,5,0,0,15,5,N/A,3242,7120,0.455,636,1818,0.35,1249,1649,0.757,843,2709,3552,1933,1701,673,1155,417,8369,18
1610612753,Orlando,Magic,2016,82,29,53,0.354,13,5,0,0,15,5,N/A,3139,7133,0.44,701,2139,0.328,1309,1753,0.747,807,2734,3541,1820,1584,580,1091,396,8288,27
1610612753,Orlando,Magic,2017,82,25,57,0.305,14,4,0,0,15,5,N/A,3182,7042,0.452,844,2405,0.351,1271,1678,0.757,722,2692,3414,1921,1579,622,1192,400,8479,24
1610612753,Orlando,Magic,2018,82,42,40,0.512,7,1,1,4,15,5,N/A,3316,7307,0.454,937,2633,0.356,1231,1575,0.782,822,2902,3724,2095,1526,543,1082,445,8800,24
1610612753,Orlando,Magic,2019,73,33,40,0.452,8,2,1,4,15,5,N/A,2871,6468,0.444,807,2354,0.343,1282,1656,0.774,751,2498,3249,1747,1336,599,937,396,7831,22
1610612753,Orlando,Magic,2020,72,21,51,0.292,14,5,0,0,15,5,N/A,2754,6423,0.429,784,2288,0.343,1196,1543,0.775,747,2525,3272,1571,1237,496,924,318,7488,29
1610612753,Orlando,Magic,2021,82,22,60,0.268,15,5,0,0,15,5,N/A,3139,7240,0.434,999,3022,0.331,1270,1614,0.787,746,2885,3631,1947,1612,555,1188,367,8547,29
1610612753,Orlando,Magic,2022,82,34,48,0.415,13,4,0,0,15,5,N/A,3323,7074,0.47,883,2551,0.346,1607,2050,0.784,833,2713,3546,1906,1652,603,1236,382,9136,26
1610612754,Indiana,Pacers,2013,82,56,26,0.683,1,1,10,9,15,5,N/A,2949,6573,0.449,550,1542,0.357,1485,1907,0.779,834,2831,3665,1651,1675,550,1237,446,7933,24
1610612754,Indiana,Pacers,2014,82,38,44,0.463,9,4,0,0,15,5,N/A,2998,6824,0.439,612,1740,0.352,1373,1817,0.756,856,2822,3678,1757,1742,505,1147,375,7981,24
1610612754,Indiana,Pacers,2015,82,45,37,0.549,7,2,3,4,15,5,N/A,3142,6985,0.45,663,1889,0.351,1430,1872,0.764,847,2779,3626,1741,1641,742,1219,391,8377,17
1610612754,Indiana,Pacers,2016,82,42,40,0.512,7,3,0,4,15,5,N/A,3221,6931,0.465,709,1885,0.376,1467,1811,0.81,742,2702,3444,1844,1597,669,1130,409,8618,15
1610612754,Indiana,Pacers,2017,82,48,34,0.585,5,2,3,4,15,5,N/A,3345,7083,0.472,741,2010,0.369,1225,1573,0.779,788,2684,3472,1819,1544,721,1088,340,8656,17
1610612754,Indiana,Pacers,2018,82,48,34,0.585,5,2,0,4,15,5,N/A,3390,7135,0.475,779,2081,0.374,1298,1727,0.752,762,2766,3528,2128,1594,713,1122,404,8857,22
1610612754,Indiana,Pacers,2019,73,45,28,0.616,4,2,0,4,15,5,N/A,3075,6457,0.476,743,2046,0.363,1096,1393,0.787,636,2489,3125,1888,1445,543,967,376,7989,19
1610612754,Indiana,Pacers,2020,72,34,38,0.472,9,2,0,0,15,5,N/A,3115,6567,0.474,889,2445,0.364,1183,1493,0.792,648,2424,3072,1973,1453,611,975,460,8302,6
1610612754,Indiana,Pacers,2021,82,25,57,0.305,13,4,0,0,15,5,N/A,3398,7338,0.463,997,2899,0.344,1347,1754,0.768,925,2671,3596,2081,1675,582,1183,457,9140,14
1610612754,Indiana,Pacers,2022,82,35,47,0.427,11,4,0,0,15,5,N/A,3444,7345,0.469,1112,3030,0.367,1535,1944,0.79,832,2575,3407,2213,1741,631,1224,478,9535,10
1610612755,Philadelphia,76ers,2013,82,19,63,0.232,14,5,0,0,15,5,N/A,3108,7150,0.435,577,1847,0.312,1362,1918,0.71,949,2556,3505,1791,1844,765,1384,330,8155,19
1610612755,Philadelphia,76ers,2014,82,18,64,0.22,14,4,0,0,15,5,N/A,2765,6777,0.408,692,2160,0.32,1320,1953,0.676,978,2536,3514,1683,1778,789,1453,487,7542,29
1610612755,Philadelphia,76ers,2015,82,10,72,0.122,15,5,0,0,15,5,N/A,2970,6887,0.431,764,2255,0.339,1284,1850,0.694,777,2605,3382,1765,1780,680,1343,495,7988,29
1610612755,Philadelphia,76ers,2016,82,28,54,0.341,14,4,0,0,15,5,N/A,3088,6992,0.442,831,2443,0.34,1393,1806,0.771,807,2706,3513,1949,1793,692,1366,420,8400,25
1610612755,Philadelphia,76ers,2017,82,52,30,0.634,3,3,5,5,15,5,N/A,3349,7098,0.472,901,2445,0.369,1405,1868,0.752,893,2996,3889,2221,1811,682,1353,420,9004,7
1610612755,Philadelphia,76ers,2018,82,51,31,0.622,3,2,7,5,15,5,N/A,3407,7233,0.471,889,2474,0.359,1742,2258,0.771,892,3025,3917,2207,1745,606,1223,432,9445,4
1610612755,Philadelphia,76ers,2019,73,43,30,0.589,6,3,0,4,15,5,N/A,3000,6417,0.468,848,2307,0.368,1236,1638,0.755,764,2553,3317,1884,1529,586,1037,389,8084,15
1610612755,Philadelphia,76ers,2020,72,49,23,0.681,1,1,7,5,15,5,N/A,2981,6257,0.476,811,2169,0.374,1409,1836,0.767,722,2522,3244,1706,1456,655,1040,447,8182,14
1610612755,Philadelphia,76ers,2021,82,51,31,0.622,4,2,6,6,15,5,N/A,3230,6932,0.466,950,2608,0.364,1605,1955,0.821,700,2770,3470,1945,1590,633,1027,435,9015,18
1610612755,Philadelphia,76ers,2022,82,54,28,0.659,3,2,7,4,15,5,N/A,3347,6870,0.487,1035,2675,0.387,1719,2058,0.835,715,2641,3356,2063,1675,635,1121,389,9448,14
1610612756,Phoenix,Suns,2013,82,48,34,0.585,9,3,0,0,15,5,N/A,3172,6845,0.463,765,2055,0.372,1520,2004,0.758,928,2601,3529,1563,1798,688,1258,374,8629,7
1610612756,Phoenix,Suns,2014,82,39,43,0.476,10,3,0,0,15,5,N/A,3178,7038,0.452,698,2048,0.341,1343,1767,0.76,896,2643,3539,1659,1744,700,1238,385,8397,11
1610612756,Phoenix,Suns,2015,82,23,59,0.28,14,4,0,0,15,5,N/A,3051,7018,0.435,738,2118,0.348,1431,1905,0.751,943,2733,3676,1701,1858,632,1410,313,8271,22
1610612756,Phoenix,Suns,2016,82,24,58,0.293,15,5,0,0,15,5,N/A,3270,7260,0.45,615,1854,0.332,1676,2159,0.776,976,2712,3688,1604,2030,673,1265,399,8831,9
1610612756,Phoenix,Suns,2017,82,21,61,0.256,15,5,0,0,15,5,N/A,3153,7141,0.442,763,2286,0.334,1453,1962,0.741,842,2776,3618,1743,1807,569,1289,370,8522,21
1610612756,Phoenix,Suns,2018,82,19,63,0.232,15,5,0,0,15,5,N/A,3289,7164,0.459,790,2400,0.329,1447,1858,0.779,748,2563,3311,1957,1932,735,1279,418,8815,23
1610612756,Phoenix,Suns,2019,73,34,39,0.466,10,3,0,0,15,5,N/A,3006,6429,0.468,831,2320,0.358,1451,1740,0.834,712,2465,3177,1987,1609,559,1077,290,8294,7
1610612756,Phoenix,Suns,2020,72,51,21,0.708,2,1,14,8,15,5,FINALS APPEARANCE,3118,6357,0.49,940,2490,0.378,1124,1347,0.834,630,2462,3092,1939,1374,517,902,312,8300,7
1610612756,Phoenix,Suns,2021,82,64,18,0.78,1,1,7,6,15,5,N/A,3581,7389,0.485,951,2616,0.364,1303,1635,0.797,801,2913,3714,2244,1633,702,1060,359,9416,5
1610612756,Phoenix,Suns,2022,82,45,37,0.549,4,2,6,5,15,5,N/A,3453,7388,0.467,1001,2674,0.374,1412,1781,0.793,971,2657,3628,2235,1739,585,1110,432,9319,17
1610612757,Portland,Trail Blazers,2013,82,54,28,0.659,5,2,5,6,15,5,N/A,3207,7134,0.45,770,2071,0.372,1569,1926,0.815,1022,2786,3808,1904,1576,454,1125,387,8753,4
1610612757,Portland,Trail Blazers,2014,82,51,31,0.622,4,1,1,4,15,5,N/A,3175,7049,0.45,807,2231,0.362,1272,1589,0.801,879,2881,3760,1799,1494,525,1117,372,8429,9
1610612757,Portland,Trail Blazers,2015,82,44,38,0.537,5,2,5,6,15,5,N/A,3167,7040,0.45,864,2336,0.37,1424,1889,0.754,948,2782,3730,1748,1782,562,1200,380,8622,6
1610612757,Portland,Trail Blazers,2016,82,41,41,0.5,8,3,0,4,15,5,N/A,3243,7059,0.459,852,2272,0.375,1513,1940,0.78,830,2750,3580,1733,1736,574,1126,408,8851,8
1610612757,Portland,Trail Blazers,2017,82,49,33,0.598,3,1,0,4,15,5,N/A,3222,7132,0.452,845,2308,0.366,1372,1715,0.8,835,2893,3728,1599,1599,573,1109,423,8661,16
1610612757,Portland,Trail Blazers,2018,82,53,29,0.646,3,2,8,8,15,5,N/A,3470,7427,0.467,904,2520,0.359,1558,1914,0.814,967,2968,3935,1887,1669,546,1135,413,9402,6
1610612757,Portland,Trail Blazers,2019,74,35,39,0.473,8,4,1,4,15,5,N/A,3122,6749,0.463,952,2525,0.377,1312,1632,0.804,754,2599,3353,1525,1606,465,946,451,8508,3
1610612757,Portland,Trail Blazers,2020,72,42,30,0.583,6,3,2,4,15,5,N/A,2973,6558,0.453,1132,2939,0.385,1282,1558,0.823,766,2441,3207,1531,1362,496,799,363,8360,5
1610612757,Portland,Trail Blazers,2021,82,27,55,0.329,13,4,0,0,15,5,N/A,3161,7144,0.442,1043,3017,0.346,1346,1771,0.76,854,2661,3515,1880,1728,657,1187,366,8711,27
1610612757,Portland,Trail Blazers,2022,82,33,49,0.402,13,5,0,0,15,5,N/A,3317,7001,0.474,1056,2893,0.365,1609,2021,0.796,774,2551,3325,1981,1643,553,1185,376,9299,19
1610612758,Sacramento,Kings,2013,82,28,54,0.341,13,4,0,0,15,5,N/A,3026,6766,0.447,491,1475,0.333,1698,2237,0.759,990,2656,3646,1547,1849,587,1249,318,8241,17
1610612758,Sacramento,Kings,2014,82,29,53,0.354,13,4,0,0,15,5,N/A,3010,6617,0.455,461,1350,0.341,1829,2400,0.762,895,2728,3623,1667,1696,550,1333,324,8310,14
1610612758,Sacramento,Kings,2015,82,33,49,0.402,10,3,0,0,15,5,N/A,3283,7083,0.464,660,1839,0.359,1514,2089,0.725,868,2760,3628,2009,1676,733,1326,368,8740,3
1610612758,Sacramento,Kings,2016,82,32,50,0.39,12,3,0,0,15,5,N/A,3105,6734,0.461,737,1960,0.376,1483,1913,0.775,715,2652,3367,1844,1667,627,1201,324,8430,24
1610612758,Sacramento,Kings,2017,82,27,55,0.329,12,4,0,0,15,5,N/A,3179,7063,0.45,738,1967,0.375,1008,1371,0.735,776,2578,3354,1768,1639,643,1125,340,8104,30
1610612758,Sacramento,Kings,2018,82,39,43,0.476,9,3,0,0,15,5,N/A,3541,7637,0.464,927,2455,0.378,1354,1865,0.726,906,2819,3725,2083,1751,679,1095,363,9363,9
1610612758,Sacramento,Kings,2019,72,31,41,0.431,12,4,0,0,15,5,N/A,2943,6364,0.462,914,2511,0.364,1127,1464,0.77,695,2372,3067,1713,1595,556,1043,293,7927,21
1610612758,Sacramento,Kings,2020,72,31,41,0.431,12,5,0,0,15,5,N/A,3067,6382,0.481,874,2400,0.364,1181,1585,0.745,674,2307,2981,1836,1400,543,963,358,8189,11
1610612758,Sacramento,Kings,2021,82,30,52,0.366,12,5,0,0,15,5,N/A,3321,7223,0.46,937,2722,0.344,1466,1908,0.768,784,2737,3521,1943,1552,588,1156,369,9045,16
1610612758,Sacramento,Kings,2022,82,48,34,0.585,3,1,3,4,15,5,N/A,3573,7232,0.494,1128,3060,0.369,1624,2055,0.79,782,2699,3481,2237,1616,574,1106,275,9898,1
1610612759,San Antonio,Spurs,2013,82,62,20,0.756,1,1,16,7,15,5,LEAGUE CHAMPION,3326,6844,0.486,698,1757,0.397,1289,1642,0.785,762,2786,3548,2064,1495,604,1180,420,8639,6
1610612759,San Antonio,Spurs,2014,82,55,27,0.671,6,3,3,4,15,5,N/A,3208,6854,0.468,677,1847,0.367,1368,1754,0.78,806,2772,3578,2000,1564,657,1146,444,8461,7
1610612759,San Antonio,Spurs,2015,82,67,15,0.817,2,1,6,4,15,5,N/A,3289,6797,0.484,570,1518,0.375,1342,1672,0.803,770,2831,3601,2010,1433,677,1071,485,8490,10
1610612759,San Antonio,Spurs,2016,82,61,21,0.744,2,1,8,8,15,5,N/A,3222,6864,0.469,753,1927,0.391,1440,1806,0.797,821,2777,3598,1954,1498,655,1101,484,8637,14
1610612759,San Antonio,Spurs,2017,82,47,35,0.573,7,3,1,4,15,5,N/A,3202,6999,0.457,696,1977,0.352,1324,1715,0.772,849,2777,3626,1868,1408,628,1078,460,8424,27
1610612759,San Antonio,Spurs,2018,82,48,34,0.585,7,2,3,4,15,5,N/A,3468,7248,0.478,812,2071,0.392,1408,1720,0.819,757,2910,3667,2013,1487,501,992,386,9156,18
1610612759,San Antonio,Spurs,2019,71,32,39,0.451,11,4,0,0,15,5,N/A,2995,6350,0.472,760,2021,0.376,1348,1664,0.81,640,2530,3170,1751,1377,518,895,390,8098,14
1610612759,San Antonio,Spurs,2020,72,33,39,0.458,10,3,0,0,15,5,N/A,3014,6518,0.462,716,2046,0.35,1254,1584,0.792,669,2489,3158,1759,1293,505,821,366,7998,20
1610612759,San Antonio,Spurs,2021,82,34,48,0.415,10,4,0,0,15,5,N/A,3546,7601,0.467,925,2626,0.352,1262,1673,0.754,901,2815,3716,2289,1483,626,1043,403,9279,8
1610612759,San Antonio,Spurs,2022,82,22,60,0.268,15,5,0,0,15,5,N/A,3533,7593,0.465,911,2640,0.345,1292,1739,0.743,965,2619,3584,2232,1630,572,1253,322,9269,23
1610612760,Oklahoma City,Thunder,2013,82,59,23,0.72,2,1,10,9,15,5,N/A,3194,6782,0.471,664,1839,0.361,1653,2052,0.806,887,2781,3668,1794,1858,678,1256,501,8705,5
1610612760,Oklahoma City,Thunder,2014,82,45,37,0.549,9,2,0,0,15,5,N/A,3184,7119,0.447,632,1864,0.339,1524,2020,0.754,1052,2844,3896,1681,1829,598,1205,454,8524,5
1610612760,Oklahoma City,Thunder,2015,82,55,27,0.671,3,1,11,7,15,5,N/A,3372,7082,0.476,678,1945,0.349,1616,2067,0.782,1071,2916,3987,1883,1691,603,1305,487,9038,2
1610612760,Oklahoma City,Thunder,2016,82,47,35,0.573,6,2,1,4,15,5,N/A,3237,7169,0.452,692,2116,0.327,1575,2113,0.745,1002,2821,3823,1721,1715,648,1230,408,8741,11
1610612760,Oklahoma City,Thunder,2017,82,48,34,0.585,4,2,2,4,15,5,N/A,3271,7221,0.453,881,2491,0.354,1421,1985,0.716,1024,2671,3695,1750,1653,743,1147,412,8844,12
1610612760,Oklahoma City,Thunder,2018,82,49,33,0.598,6,4,1,4,15,5,N/A,3497,7706,0.454,932,2677,0.348,1461,2049,0.713,1031,2911,3942,1917,1839,766,1145,425,9387,7
1610612760,Oklahoma City,Thunder,2019,72,44,28,0.611,5,2,3,4,15,5,N/A,2879,6156,0.468,770,2171,0.355,1422,1787,0.796,593,2495,3088,1562,1390,550,986,353,7950,20
1610612760,Oklahoma City,Thunder,2020,72,22,50,0.306,14,5,0,0,15,5,N/A,2795,6338,0.441,857,2529,0.339,1113,1536,0.725,715,2568,3283,1588,1305,504,1162,316,7560,28
1610612760,Oklahoma City,Thunder,2021,82,24,58,0.293,14,5,0,0,15,5,N/A,3141,7310,0.43,991,3066,0.323,1233,1632,0.756,854,2887,3741,1822,1497,622,1145,380,8506,30
1610612760,Oklahoma City,Thunder,2022,82,40,42,0.488,10,3,0,0,15,5,N/A,3533,7590,0.465,995,2797,0.356,1572,1944,0.809,934,2645,3579,2002,1722,676,1069,341,9633,5
1610612761,Toronto,Raptors,2013,82,48,34,0.585,3,1,3,4,15,5,N/A,2992,6718,0.445,713,1917,0.372,1608,2055,0.782,935,2552,3487,1737,1882,577,1159,343,8305,13
1610612761,Toronto,Raptors,2014,82,49,33,0.598,4,1,0,4,15,5,N/A,3108,6829,0.455,726,2060,0.352,1585,2014,0.787,881,2526,3407,1701,1712,615,1057,357,8527,4
1610612761,Toronto,Raptors,2015,82,56,26,0.683,2,1,10,10,15,5,N/A,3006,6669,0.451,708,1915,0.37,1702,2190,0.777,836,2724,3560,1536,1610,636,1073,449,8422,14
1610612761,Toronto,Raptors,2016,82,51,31,0.622,3,2,4,6,15,5,N/A,3211,6918,0.464,725,1996,0.363,1615,2028,0.796,871,2676,3547,1517,1708,677,1041,400,8762,10
1610612761,Toronto,Raptors,2017,82,59,23,0.72,1,1,4,6,15,5,N/A,3383,7169,0.472,968,2705,0.358,1422,1790,0.794,800,2807,3607,1995,1783,626,1095,500,9156,4
1610612761,Toronto,Raptors,2018,82,58,24,0.707,2,1,16,8,15,5,LEAGUE CHAMPION,3460,7305,0.474,1015,2771,0.366,1449,1803,0.804,786,2920,3706,2085,1724,680,1150,437,9384,8
1610612761,Toronto,Raptors,2019,72,53,19,0.736,2,1,7,4,15,5,N/A,2897,6331,0.458,995,2663,0.374,1329,1670,0.796,685,2583,3268,1816,1559,636,1067,358,8118,13
1610612761,Toronto,Raptors,2020,72,27,45,0.375,12,5,0,0,15,5,N/A,2859,6383,0.448,1041,2831,0.368,1252,1536,0.815,680,2314,2994,1735,1526,618,952,388,8011,19
1610612761,Toronto,Raptors,2021,82,48,34,0.585,5,3,2,4,15,5,N/A,3332,7489,0.445,979,2808,0.349,1327,1749,0.759,1095,2622,3717,1809,1607,738,1021,376,8970,20
1610612761,Toronto,Raptors,2022,82,41,41,0.5,9,5,0,0,15,5,N/A,3434,7489,0.459,880,2626,0.335,1506,1922,0.784,1043,2485,3528,1961,1641,772,956,424,9254,24
1610612762,Utah,Jazz,2013,82,25,57,0.305,15,5,0,0,15,5,N/A,2951,6652,0.444,543,1577,0.344,1346,1803,0.747,904,2477,3381,1664,1699,570,1200,366,7791,29
1610612762,Utah,Jazz,2014,82,38,44,0.463,11,3,0,0,15,5,N/A,2900,6492,0.447,610,1781,0.343,1391,1929,0.721,988,2617,3605,1632,1583,623,1256,489,7801,26
1610612762,Utah,Jazz,2015,82,40,42,0.488,9,3,0,0,15,5,N/A,2957,6593,0.449,694,1956,0.355,1402,1885,0.744,880,2665,3545,1554,1655,631,1224,425,8010,28
1610612762,Utah,Jazz,2016,82,51,31,0.622,5,1,4,7,15,5,N/A,3033,6515,0.466,791,2128,0.372,1401,1875,0.747,771,2774,3545,1651,1545,550,1118,410,8258,28
1610612762,Utah,Jazz,2017,82,48,34,0.585,5,3,5,6,15,5,N/A,3139,6797,0.462,887,2425,0.366,1375,1766,0.779,740,2807,3547,1839,1608,708,1205,420,8540,19
1610612762,Utah,Jazz,2018,82,50,32,0.61,5,3,1,4,15,5,N/A,3314,7082,0.468,993,2789,0.356,1540,2092,0.736,820,2981,3801,2133,1728,663,1240,483,9161,17
1610612762,Utah,Jazz,2019,72,44,28,0.611,6,3,3,4,15,5,N/A,2886,6130,0.471,963,2537,0.38,1278,1641,0.779,656,2577,3233,1615,1468,438,1089,292,8013,18
1610612762,Utah,Jazz,2020,72,52,20,0.722,1,1,6,5,15,5,N/A,2971,6344,0.468,1205,3098,0.389,1235,1546,0.799,765,2709,3474,1703,1335,474,1023,371,8382,4
1610612762,Utah,Jazz,2021,82,49,33,0.598,5,1,2,4,15,5,N/A,3327,7067,0.471,1192,3308,0.36,1470,1916,0.767,884,2916,3800,1836,1547,588,1148,402,9316,7
1610612762,Utah,Jazz,2022,82,37,45,0.451,12,4,0,0,15,5,N/A,3485,7365,0.473,1094,3099,0.353,1536,1955,0.786,968,2794,3762,2129,1679,500,1259,429,9600,7
1610612763,Memphis,Grizzlies,2013,82,50,32,0.61,7,3,3,4,15,5,N/A,3122,6723,0.464,405,1147,0.353,1235,1666,0.741,950,2526,3476,1792,1568,631,1124,375,7884,27
1610612763,Memphis,Grizzlies,2014,82,55,27,0.671,5,2,6,5,15,5,N/A,3097,6763,0.458,423,1246,0.339,1445,1869,0.773,856,2634,3490,1777,1567,700,1094,347,8062,20
1610612763,Memphis,Grizzlies,2015,82,42,40,0.512,7,3,0,4,15,5,N/A,3019,6859,0.44,504,1521,0.331,1584,2024,0.783,916,2497,3413,1697,1783,724,1090,350,8126,24
1610612763,Memphis,Grizzlies,2016,82,43,39,0.524,7,3,2,4,15,5,N/A,2984,6854,0.435,767,2169,0.354,1504,1918,0.784,886,2621,3507,1744,1840,653,1059,344,8239,29
1610612763,Memphis,Grizzlies,2017,82,22,60,0.268,14,5,0,0,15,5,N/A,3013,6788,0.444,758,2152,0.352,1361,1732,0.786,779,2544,3323,1767,1900,613,1227,396,8145,29
1610612763,Memphis,Grizzlies,2018,82,33,49,0.402,12,3,0,0,15,5,N/A,3113,6924,0.45,811,2368,0.342,1453,1882,0.772,723,2703,3426,1963,1801,684,1147,448,8490,30
1610612763,Memphis,Grizzlies,2019,73,34,39,0.466,9,3,0,0,15,5,N/A,3106,6634,0.468,798,2297,0.347,1212,1589,0.763,754,2643,3397,1965,1546,576,1113,398,8222,9
1610612763,Memphis,Grizzlies,2020,72,38,34,0.528,8,2,1,4,15,5,N/A,3085,6608,0.467,803,2258,0.356,1184,1536,0.771,803,2543,3346,1938,1349,655,957,364,8157,15
1610612763,Memphis,Grizzlies,2021,82,56,26,0.683,2,1,6,6,15,5,N/A,3571,7739,0.461,945,2679,0.353,1393,1898,0.734,1159,2873,4032,2131,1620,800,1082,533,9480,2
1610612763,Memphis,Grizzlies,2022,82,51,31,0.622,2,1,2,4,15,5,N/A,3585,7551,0.475,985,2807,0.351,1432,1954,0.733,988,2835,3823,2135,1643,680,1116,473,9587,9
1610612764,Washington,Wizards,2013,82,44,38,0.537,5,2,6,5,15,5,N/A,3177,6920,0.459,647,1704,0.38,1253,1715,0.731,886,2573,3459,1909,1675,668,1204,377,8254,16
1610612764,Washington,Wizards,2014,82,46,36,0.561,5,2,6,4,15,5,N/A,3139,6790,0.462,497,1381,0.36,1305,1758,0.742,862,2801,3663,1969,1707,601,1233,378,8080,17
1610612764,Washington,Wizards,2015,82,41,41,0.5,10,4,0,0,15,5,N/A,3238,7033,0.46,709,1983,0.358,1349,1849,0.73,743,2688,3431,2005,1708,708,1186,323,8534,9
1610612764,Washington,Wizards,2016,82,49,33,0.598,4,1,7,6,15,5,N/A,3388,7137,0.475,756,2030,0.372,1421,1812,0.784,843,2671,3514,1956,1745,693,1162,336,8953,5
1610612764,Washington,Wizards,2017,82,43,39,0.524,8,2,2,4,15,5,N/A,3275,7018,0.467,814,2173,0.375,1378,1786,0.772,823,2713,3536,2065,1746,645,1196,353,8742,13
1610612764,Washington,Wizards,2018,82,32,50,0.39,11,4,0,0,15,5,N/A,3456,7387,0.468,930,2731,0.341,1508,1963,0.768,794,2679,3473,2154,1701,683,1154,379,9350,10
1610612764,Washington,Wizards,2019,72,25,47,0.347,9,3,0,0,15,5,N/A,2990,6544,0.457,864,2345,0.368,1394,1770,0.788,732,2295,3027,1801,1634,574,1020,309,8238,8
1610612764,Washington,Wizards,2020,72,34,38,0.472,8,3,1,4,15,5,N/A,3108,6547,0.475,733,2088,0.351,1449,1884,0.769,697,2557,3254,1835,1555,528,1036,297,8398,3
1610612764,Washington,Wizards,2021,82,35,47,0.427,12,4,0,0,15,5,N/A,3327,7056,0.472,860,2512,0.342,1393,1778,0.783,737,2798,3535,2052,1545,522,1077,406,8907,22
1610612764,Washington,Wizards,2022,82,35,47,0.427,12,3,0,0,15,5,N/A,3456,7127,0.485,925,2601,0.356,1442,1838,0.785,774,2804,3578,2083,1539,561,1158,424,9279,21
1610612765,Detroit,Pistons,2013,82,29,53,0.354,11,4,0,0,15,5,N/A,3182,7124,0.447,507,1580,0.321,1415,2111,0.67,1196,2525,3721,1714,1666,687,1193,395,8286,14
1610612765,Detroit,Pistons,2014,82,32,50,0.39,12,5,0,0,15,5,N/A,3041,7038,0.432,703,2043,0.344,1292,1838,0.703,1051,2630,3681,1771,1559,623,1099,383,8077,18
1610612765,Detroit,Pistons,2015,82,44,38,0.537,8,3,0,4,15,5,N/A,3111,7087,0.439,740,2148,0.345,1399,2095,0.668,1021,2777,3798,1594,1557,573,1110,304,8361,19
1610612765,Detroit,Pistons,2016,82,37,45,0.451,10,5,0,0,15,5,N/A,3269,7282,0.449,631,1915,0.33,1140,1586,0.719,908,2838,3746,1732,1467,574,973,310,8309,26
1610612765,Detroit,Pistons,2017,82,39,43,0.476,9,4,0,0,15,5,N/A,3208,7129,0.45,886,2373,0.373,1207,1621,0.745,830,2756,3586,1868,1508,628,1102,317,8509,22
1610612765,Detroit,Pistons,2018,82,41,41,0.5,8,3,0,4,15,5,N/A,3185,7238,0.44,993,2854,0.348,1415,1893,0.747,936,2752,3688,1845,1811,569,1135,331,8778,25
1610612765,Detroit,Pistons,2019,66,20,46,0.303,13,4,0,0,15,5,N/A,2595,5658,0.459,791,2157,0.367,1097,1476,0.743,644,2109,2753,1589,1299,490,1008,299,7078,25
1610612765,Detroit,Pistons,2020,72,20,52,0.278,15,5,0,0,15,5,N/A,2783,6162,0.452,832,2370,0.351,1278,1683,0.759,694,2381,3075,1743,1477,531,1075,371,7676,27
1610612765,Detroit,Pistons,2021,82,23,59,0.28,14,5,0,0,15,5,N/A,3129,7267,0.431,925,2838,0.326,1413,1806,0.782,900,2625,3525,1924,1799,630,1163,393,8596,28
1610612765,Detroit,Pistons,2022,82,17,65,0.207,15,5,0,0,15,5,N/A,3244,7140,0.454,934,2659,0.351,1623,2106,0.771,916,2564,3480,1884,1813,574,1237,308,9045,29
1610612766,Charlotte,Bobcats,2013,82,43,39,0.524,7,3,0,4,15,5,N/A,2976,6730,0.442,516,1471,0.351,1474,2000,0.737,776,2724,3500,1778,1493,499,1010,421,7942,23
1610612766,Charlotte,Hornets,2014,82,33,49,0.402,11,4,0,0,15,5,N/A,2913,6932,0.42,498,1566,0.318,1397,1867,0.748,820,2793,3613,1654,1494,499,976,448,7721,28
1610612766,Charlotte,Hornets,2015,82,48,34,0.585,6,3,3,4,15,5,N/A,3036,6922,0.439,873,2410,0.362,1534,1941,0.79,734,2869,3603,1778,1487,595,1029,438,8479,11
1610612766,Charlotte,Hornets,2016,82,36,46,0.439,11,4,0,0,15,5,N/A,3093,7000,0.442,824,2347,0.351,1591,1953,0.815,721,2853,3574,1891,1360,571,942,390,8601,16
1610612766,Charlotte,Hornets,2017,82,36,46,0.439,10,3,0,0,15,5,N/A,3197,7106,0.45,824,2233,0.369,1656,2216,0.747,827,2901,3728,1770,1409,559,1041,373,8874,10
1610612766,Charlotte,Hornets,2018,82,39,43,0.476,9,2,0,0,15,5,N/A,3297,7362,0.448,977,2783,0.351,1510,1895,0.797,814,2778,3592,1905,1550,591,1001,405,9081,19
1610612766,Charlotte,Hornets,2019,65,23,42,0.354,10,4,0,0,15,5,N/A,2425,5586,0.434,785,2231,0.352,1052,1406,0.748,715,2066,2781,1549,1223,428,949,268,6687,30
1610612766,Charlotte,Hornets,2020,72,33,39,0.458,10,4,0,0,15,5,N/A,2875,6324,0.455,985,2666,0.369,1146,1505,0.761,762,2389,3151,1933,1298,565,1069,344,7881,23
1610612766,Charlotte,Hornets,2021,82,43,39,0.524,10,3,0,0,15,5,N/A,3508,7497,0.468,1143,3130,0.365,1298,1753,0.74,888,2767,3655,2302,1629,707,1087,402,9457,4
1610612766,Charlotte,Hornets,2022,82,27,55,0.329,14,5,0,0,15,5,N/A,3385,7413,0.457,881,2669,0.33,1447,1933,0.749,901,2751,3652,2062,1661,634,1164,425,9098,27
