TEAM_NAME,TEAM_ID,GP,W,L,W_PCT,MIN,E_OFF_RATING,E_DEF_RATING,E_NET_RATING,E_PACE,E_AST_RATIO,E_OREB_PCT,E_DREB_PCT,E_REB_PCT,E_TM_TOV_PCT,GP_RANK,W_RANK,L_RANK,W_PCT_RANK,MIN_RANK,E_OFF_RATING_RANK,E_DEF_RATING_RANK,E_NET_RATING_RANK,E_AST_RATIO_RANK,E_OREB_PCT_RANK,E_DREB_PCT_RANK,E_REB_PCT_RANK,E_TM_TOV_PCT_RANK,E_PACE_RANK,YEAR
Philadelphia 76ers,1610612755,82,19,63,0.232,3971.0,96.8,107.5,-10.7,101.6,16.0,0.248,0.724,0.477,0.164,1,29,29,29,14,30,27,30,26,22,27,28,30,1,2013
Los Angeles Lakers,1610612747,82,27,55,0.329,3941.0,101.9,107.9,-6.0,101.0,18.1,0.202,0.71,0.456,0.15,1,25,25,25,30,21,28,27,4,30,30,30,13,2,2013
Denver Nuggets,1610612743,82,36,46,0.439,3951.0,103.3,105.4,-2.1,100.7,16.4,0.275,0.745,0.509,0.157,1,20,20,20,28,17,21,20,18,5,15,12,23,3,2013
Minnesota Timberwolves,1610612750,82,40,42,0.488,3971.0,105.6,104.1,1.4,99.8,17.3,0.274,0.744,0.503,0.138,1,17,17,17,10,10,15,13,10,8,16,14,2,4,2013
Houston Rockets,1610612745,82,54,28,0.659,3966.0,108.6,103.1,5.5,98.8,16.1,0.274,0.741,0.521,0.163,1,5,5,5,15,4,12,5,23,7,20,2,29,5,2013
Golden State Warriors,1610612744,82,51,31,0.622,3966.0,105.3,99.9,5.4,98.5,17.4,0.251,0.763,0.511,0.154,1,8,8,8,15,12,3,6,9,18,5,9,16,6,2013
Los Angeles Clippers,1610612746,82,57,25,0.695,3951.0,109.4,102.1,7.3,98.4,18.3,0.25,0.725,0.496,0.14,1,3,3,3,25,1,7,2,3,20,26,20,5,7,2013
Phoenix Suns,1610612756,82,48,34,0.585,3951.0,107.1,103.8,3.3,98.2,14.7,0.264,0.737,0.501,0.156,1,11,11,11,25,8,13,10,29,15,22,16,21,8,2013
Oklahoma City Thunder,1610612760,82,59,23,0.72,3961.0,108.1,101.0,7.1,97.9,16.6,0.265,0.756,0.522,0.156,1,2,2,2,20,7,5,3,15,14,9,1,20,9,2013
Portland Trail Blazers,1610612757,82,54,28,0.659,3971.0,108.3,104.7,3.5,97.5,17.2,0.28,0.747,0.516,0.139,1,5,5,5,10,5,16,8,11,3,13,7,4,10,2013
Detroit Pistons,1610612765,82,29,53,0.354,3956.0,102.9,107.3,-4.4,97.4,15.6,0.314,0.734,0.514,0.148,1,23,23,23,22,19,26,24,28,1,23,8,12,11,2013
San Antonio Spurs,1610612759,82,62,20,0.756,3951.0,108.2,100.1,8.1,97.1,19.0,0.227,0.764,0.506,0.148,1,1,1,1,25,6,4,1,1,24,4,13,11,12,2013
Atlanta Hawks,1610612737,82,38,44,0.463,3966.0,103.4,104.1,-0.7,96.9,18.8,0.21,0.744,0.479,0.156,1,18,18,18,15,15,14,18,2,28,17,26,22,13,2013
Sacramento Kings,1610612758,82,28,54,0.341,3966.0,102.9,106.3,-3.4,96.7,14.6,0.278,0.766,0.519,0.156,1,24,24,24,15,20,23,22,30,4,3,5,19,14,2013
Orlando Magic,1610612753,82,23,59,0.28,3991.0,99.3,104.8,-5.5,95.9,16.4,0.224,0.755,0.489,0.153,1,28,28,28,2,29,18,25,20,25,10,23,15,15,2013
Boston Celtics,1610612738,82,25,57,0.305,3946.0,99.7,105.2,-5.5,95.9,16.2,0.274,0.742,0.501,0.159,1,26,26,26,29,27,20,25,22,6,19,15,28,15,2013
Dallas Mavericks,1610612742,82,49,33,0.598,3966.0,109.0,105.9,3.0,95.7,18.0,0.246,0.727,0.488,0.141,1,10,10,10,15,3,22,11,6,23,25,24,6,17,2013
Cleveland Cavaliers,1610612739,82,33,49,0.402,3986.0,101.3,104.8,-3.5,95.7,16.2,0.272,0.758,0.509,0.146,1,22,22,22,4,23,17,23,21,10,6,11,8,17,2013
Washington Wizards,1610612764,82,44,38,0.537,4011.0,103.3,102.4,0.9,95.5,17.6,0.252,0.757,0.5,0.151,1,14,14,14,1,18,10,15,7,17,8,18,14,19,2013
Indiana Pacers,1610612754,82,56,26,0.683,3956.0,101.5,96.7,4.8,94.9,15.9,0.249,0.768,0.521,0.158,1,4,4,4,22,22,1,7,27,21,2,3,25,20,2013
Charlotte Bobcats,1610612766,82,43,39,0.524,3981.0,101.2,101.2,0.1,94.7,16.9,0.219,0.776,0.496,0.129,1,16,16,16,6,24,6,16,13,26,1,19,1,21,2013
New Orleans Pelicans,1610612740,82,34,48,0.415,3971.0,104.7,107.3,-2.6,94.5,16.5,0.269,0.738,0.5,0.145,1,21,21,21,10,13,25,21,17,13,21,17,7,22,2013
Toronto Raptors,1610612761,82,48,34,0.585,3991.0,105.8,102.4,3.5,94.4,16.4,0.272,0.749,0.509,0.148,1,11,11,11,2,9,9,8,19,11,12,10,10,23,2013
Milwaukee Bucks,1610612749,82,15,67,0.183,3976.0,100.2,108.9,-8.7,94.3,16.5,0.271,0.714,0.486,0.158,1,30,30,30,7,26,29,29,16,12,29,25,26,24,2013
Brooklyn Nets,1610612751,82,44,38,0.537,3976.0,104.4,104.9,-0.6,93.7,16.7,0.217,0.723,0.471,0.154,1,14,14,14,7,14,19,17,14,27,28,29,17,25,2013
Utah Jazz,1610612762,82,25,57,0.305,3956.0,100.6,109.1,-8.4,93.6,16.1,0.255,0.745,0.492,0.155,1,26,26,26,22,25,30,28,24,16,14,21,18,26,2013
Miami Heat,1610612748,82,54,28,0.659,3976.0,109.0,102.9,6.1,93.3,18.1,0.206,0.73,0.478,0.158,1,5,5,5,7,2,11,4,5,29,24,27,24,27,2013
Chicago Bulls,1610612741,82,48,34,0.585,3986.0,99.7,97.8,1.9,92.7,17.6,0.272,0.754,0.517,0.159,1,11,11,11,4,28,2,12,8,9,11,6,27,28,2013
New York Knicks,1610612752,82,37,45,0.451,3971.0,105.4,106.5,-1.0,92.6,16.0,0.251,0.743,0.49,0.139,1,19,19,19,10,11,24,19,25,19,18,22,3,29,2013
Memphis Grizzlies,1610612763,82,50,32,0.61,3961.0,103.3,102.1,1.2,92.2,17.1,0.283,0.757,0.52,0.147,1,9,9,9,20,16,8,14,12,2,7,4,9,30,2013
Golden State Warriors,1610612744,82,67,15,0.817,3946.0,109.7,98.2,11.4,100.7,19.7,0.241,0.745,0.501,0.144,1,1,1,1,26,2,1,1,1,21,18,12,14,1,2014
Houston Rockets,1610612745,82,56,26,0.683,3961.0,104.2,100.5,3.7,99.3,16.5,0.268,0.729,0.499,0.167,1,3,3,3,20,12,6,6,16,7,28,15,28,2,2014
Denver Nuggets,1610612743,82,30,52,0.366,3976.0,101.6,105.5,-3.9,98.7,16.2,0.266,0.747,0.498,0.142,1,24,24,24,8,21,26,24,20,9,17,18,11,3,2014
Phoenix Suns,1610612756,82,39,43,0.476,3976.0,102.9,103.4,-0.5,98.7,15.4,0.245,0.735,0.488,0.152,1,17,17,17,8,14,17,19,29,19,21,25,20,3,2014
Boston Celtics,1610612738,82,40,42,0.488,3976.0,101.7,102.1,-0.4,98.4,18.0,0.247,0.75,0.495,0.139,1,16,16,16,8,20,14,18,6,16,14,20,6,5,2014
Oklahoma City Thunder,1610612760,82,45,37,0.549,3966.0,104.5,103.1,1.3,98.3,15.3,0.289,0.756,0.526,0.148,1,13,13,13,18,11,16,13,30,2,10,2,18,6,2014
Philadelphia 76ers,1610612755,82,18,64,0.22,3961.0,93.0,102.1,-9.1,98.3,15.5,0.255,0.73,0.481,0.179,1,28,28,28,20,30,13,28,27,12,27,29,30,6,2014
Sacramento Kings,1610612758,82,29,53,0.354,3971.0,102.5,106.5,-4.0,97.9,15.5,0.265,0.752,0.518,0.164,1,25,25,25,13,16,27,25,28,10,12,3,26,8,2014
Dallas Mavericks,1610612742,82,50,32,0.61,3976.0,107.2,103.7,3.5,97.4,17.0,0.236,0.722,0.478,0.132,1,9,9,9,8,5,18,8,10,24,29,30,3,9,2014
Los Angeles Clippers,1610612746,82,56,26,0.683,3946.0,109.8,103.0,6.9,97.0,18.7,0.228,0.757,0.498,0.127,1,3,3,3,26,1,15,2,3,28,9,17,2,10,2014
Minnesota Timberwolves,1610612750,82,16,66,0.195,3961.0,99.8,109.6,-9.8,97.0,16.3,0.266,0.716,0.484,0.153,1,30,30,30,20,26,30,29,18,8,30,26,21,10,2014
Portland Trail Blazers,1610612757,82,51,31,0.622,3971.0,105.5,101.4,4.2,96.5,16.8,0.242,0.762,0.507,0.14,1,8,8,8,13,8,10,5,12,20,7,10,9,12,2014
Milwaukee Bucks,1610612749,82,41,41,0.5,3986.0,100.5,99.3,1.2,96.5,17.8,0.254,0.733,0.495,0.172,1,15,15,15,3,25,2,14,7,14,24,19,29,12,2014
Los Angeles Lakers,1610612747,82,21,61,0.256,3986.0,100.8,108.0,-7.2,96.3,15.9,0.254,0.763,0.498,0.136,1,27,27,27,3,23,29,27,24,13,6,16,5,14,2014
Atlanta Hawks,1610612737,82,60,22,0.732,3946.0,106.2,100.7,5.6,96.2,19.5,0.214,0.734,0.482,0.147,1,2,2,2,26,6,7,4,2,30,22,27,17,15,2014
Washington Wizards,1610612764,82,46,36,0.561,3991.0,101.8,100.0,1.9,96.0,18.1,0.249,0.773,0.517,0.155,1,12,12,12,1,19,5,12,5,15,3,4,23,16,2014
San Antonio Spurs,1610612759,82,55,27,0.671,3991.0,106.2,99.6,6.6,95.9,18.4,0.234,0.773,0.509,0.144,1,5,5,5,1,7,3,3,4,25,4,9,13,17,2014
Orlando Magic,1610612753,82,25,57,0.305,3951.0,99.6,105.2,-5.6,95.9,16.2,0.231,0.76,0.49,0.155,1,26,26,26,25,27,25,26,21,27,8,22,22,17,2014
Indiana Pacers,1610612754,82,38,44,0.463,3971.0,100.8,100.9,-0.1,95.5,16.6,0.24,0.779,0.512,0.145,1,18,18,18,13,24,8,17,15,22,2,6,15,19,2014
Toronto Raptors,1610612761,82,49,33,0.598,3971.0,108.1,104.8,3.2,95.4,16.1,0.256,0.733,0.495,0.134,1,11,11,11,13,3,23,10,22,11,25,21,4,20,2014
Chicago Bulls,1610612741,82,50,32,0.61,3976.0,104.7,101.5,3.3,95.4,16.6,0.27,0.744,0.513,0.145,1,9,9,9,8,10,11,9,14,5,19,5,16,20,2014
Charlotte Hornets,1610612766,82,33,49,0.402,3981.0,97.6,101.0,-3.4,95.3,15.8,0.221,0.793,0.5,0.123,1,22,22,22,6,28,9,23,25,29,1,14,1,22,2014
Detroit Pistons,1610612765,82,32,50,0.39,3966.0,102.3,104.2,-1.8,95.2,16.4,0.277,0.75,0.504,0.139,1,23,23,23,18,17,21,20,17,3,15,11,7,23,2014
Brooklyn Nets,1610612751,82,38,44,0.463,3986.0,101.9,105.0,-3.1,95.0,16.3,0.239,0.737,0.489,0.144,1,18,18,18,3,18,24,22,19,23,20,23,12,24,2014
Cleveland Cavaliers,1610612739,82,53,29,0.646,3956.0,107.7,104.1,3.7,94.8,17.1,0.268,0.747,0.511,0.149,1,7,7,7,23,4,20,6,9,6,16,8,19,25,2014
Memphis Grizzlies,1610612763,82,55,27,0.671,3981.0,103.1,99.9,3.1,94.2,16.9,0.247,0.753,0.501,0.14,1,5,5,5,6,13,4,11,11,17,11,13,8,26,2014
New Orleans Pelicans,1610612740,82,45,37,0.549,3956.0,105.4,104.7,0.7,93.7,17.1,0.271,0.751,0.511,0.141,1,13,13,13,23,9,22,15,8,4,13,7,10,27,2014
New York Knicks,1610612752,82,17,65,0.207,3971.0,97.1,107.2,-10.1,93.7,16.7,0.245,0.731,0.481,0.155,1,29,29,29,13,29,28,30,13,18,26,28,24,27,2014
Miami Heat,1610612748,82,37,45,0.451,3946.0,101.5,103.8,-2.4,93.3,16.1,0.232,0.734,0.488,0.159,1,21,21,21,26,22,19,21,23,26,23,24,25,29,2014
Utah Jazz,1610612762,82,38,44,0.463,3941.0,102.5,102.1,0.5,92.8,15.8,0.291,0.763,0.528,0.165,1,18,18,18,30,15,12,16,26,1,5,1,27,30,2014
Sacramento Kings,1610612758,82,33,49,0.402,3961.0,103.3,106.3,-3.0,102.2,17.6,0.239,0.749,0.496,0.157,1,21,21,21,19,14,23,23,5,16,22,17,24,1,2015
Golden State Warriors,1610612744,82,73,9,0.89,3976.0,112.5,100.9,11.6,101.6,20.4,0.235,0.76,0.513,0.149,1,1,1,1,5,1,4,2,1,19,15,8,19,2,2015
Boston Celtics,1610612738,82,48,34,0.585,3956.0,103.9,100.9,3.0,101.1,17.4,0.251,0.746,0.494,0.135,1,7,7,7,23,13,5,9,10,10,26,20,5,3,2015
Phoenix Suns,1610612756,82,23,59,0.28,3941.0,99.4,107.0,-7.6,100.9,15.4,0.254,0.771,0.506,0.169,1,27,27,27,29,28,26,27,26,7,11,11,30,4,2015
Washington Wizards,1610612764,82,41,41,0.5,3951.0,102.9,103.6,-0.7,100.6,18.1,0.206,0.777,0.486,0.143,1,17,17,17,26,19,14,17,4,27,9,25,15,5,2015
Philadelphia 76ers,1610612755,82,10,72,0.122,3961.0,96.6,106.7,-10.0,100.2,16.3,0.206,0.74,0.464,0.162,1,30,30,30,19,30,25,29,21,26,27,30,29,6,2015
Houston Rockets,1610612745,82,41,41,0.5,3966.0,105.5,105.6,-0.2,100.1,16.4,0.257,0.728,0.491,0.158,1,17,17,17,11,8,21,15,19,6,30,22,27,7,2015
Atlanta Hawks,1610612737,82,48,34,0.585,3966.0,103.0,98.8,4.1,99.4,19.0,0.191,0.746,0.475,0.15,1,7,7,7,11,18,2,7,2,30,25,28,21,8,2015
Oklahoma City Thunder,1610612760,82,55,27,0.671,3966.0,109.9,103.0,6.9,99.4,16.7,0.311,0.76,0.547,0.159,1,5,5,5,11,2,12,3,17,1,17,1,28,8,2015
Indiana Pacers,1610612754,82,45,37,0.549,3976.0,102.4,100.2,2.2,99.0,16.1,0.234,0.76,0.498,0.149,1,11,11,11,5,23,3,11,22,20,16,14,20,10,2015
New Orleans Pelicans,1610612740,82,30,52,0.366,3956.0,103.2,107.3,-4.1,98.9,16.8,0.212,0.788,0.49,0.135,1,25,25,25,23,16,28,26,16,24,4,24,4,11,2015
Portland Trail Blazers,1610612757,82,44,38,0.537,3961.0,106.1,105.6,0.6,98.3,16.0,0.259,0.762,0.51,0.148,1,12,12,12,19,7,20,13,23,3,13,10,17,12,2015
Chicago Bulls,1610612741,82,42,40,0.512,3981.0,102.1,103.9,-1.8,98.2,17.0,0.245,0.749,0.502,0.14,1,14,14,14,3,25,15,18,13,13,21,12,12,13,2015
Orlando Magic,1610612753,82,35,47,0.427,3981.0,102.6,104.6,-2.0,98.2,17.6,0.231,0.765,0.494,0.142,1,20,20,20,3,21,17,19,7,22,12,18,14,13,2015
Denver Nuggets,1610612743,82,33,49,0.402,3966.0,102.7,106.4,-3.7,98.2,16.9,0.258,0.773,0.511,0.148,1,21,21,21,11,20,24,25,15,5,10,9,18,13,2015
LA Clippers,1610612746,82,53,29,0.646,3966.0,106.5,100.9,5.5,98.0,17.4,0.201,0.738,0.474,0.132,1,6,6,6,11,6,6,5,9,28,28,29,3,16,2015
Los Angeles Lakers,1610612747,82,17,65,0.207,3946.0,98.6,109.3,-10.7,98.0,14.1,0.231,0.747,0.48,0.139,1,29,29,29,28,29,30,30,30,21,24,27,10,16,2015
Charlotte Hornets,1610612766,82,48,34,0.585,3971.0,105.1,101.8,3.3,97.8,16.7,0.2,0.798,0.496,0.127,1,7,7,7,9,9,9,8,18,29,1,16,1,18,2015
Minnesota Timberwolves,1610612750,82,29,53,0.354,3976.0,104.3,107.1,-2.8,97.6,17.6,0.243,0.747,0.498,0.153,1,26,26,26,5,11,27,20,6,14,23,15,23,19,2015
Detroit Pistons,1610612765,82,44,38,0.537,3976.0,103.3,103.4,-0.2,97.4,14.8,0.27,0.793,0.521,0.137,1,12,12,12,5,15,13,15,29,2,2,2,8,20,2015
Brooklyn Nets,1610612751,82,21,61,0.256,3951.0,100.9,108.5,-7.6,97.4,17.0,0.241,0.757,0.494,0.151,1,28,28,28,26,27,29,27,14,15,19,19,22,20,2015
Milwaukee Bucks,1610612749,82,33,49,0.402,3966.0,102.2,105.7,-3.5,96.6,17.6,0.249,0.731,0.492,0.157,1,21,21,21,11,24,22,24,8,11,29,21,25,22,2015
Dallas Mavericks,1610612742,82,42,40,0.512,4001.0,104.8,104.3,0.6,96.4,17.0,0.206,0.762,0.485,0.131,1,14,14,14,1,10,16,13,12,25,14,26,2,23,2015
New York Knicks,1610612752,82,32,50,0.39,3961.0,102.0,104.8,-2.8,95.8,16.0,0.237,0.758,0.501,0.139,1,24,24,24,19,26,18,20,24,18,18,13,11,24,2015
San Antonio Spurs,1610612759,82,67,15,0.817,3941.0,108.4,96.6,11.8,95.7,18.8,0.23,0.791,0.52,0.137,1,2,2,2,29,3,1,1,3,23,3,4,7,25,2015
Memphis Grizzlies,1610612763,82,42,40,0.512,3966.0,102.6,105.4,-2.9,95.7,16.0,0.253,0.751,0.491,0.138,1,14,14,14,11,22,19,22,25,8,20,23,9,25,2015
Miami Heat,1610612748,82,48,34,0.585,3966.0,104.2,101.5,2.6,95.7,16.3,0.238,0.778,0.517,0.147,1,7,7,7,11,12,7,10,20,17,6,6,16,25,2015
Cleveland Cavaliers,1610612739,82,57,25,0.695,3971.0,108.1,102.3,5.8,95.5,17.4,0.251,0.785,0.52,0.141,1,3,3,3,9,4,10,4,11,9,5,3,13,28,2015
Toronto Raptors,1610612761,82,56,26,0.683,3956.0,107.0,102.7,4.3,95.3,14.9,0.246,0.777,0.516,0.136,1,4,4,4,23,5,11,6,28,12,8,7,6,29,2015
Utah Jazz,1610612762,82,40,42,0.488,3991.0,103.1,101.6,1.6,93.3,15.1,0.259,0.777,0.519,0.158,1,19,19,19,2,17,8,12,27,4,7,5,26,30,2015
Brooklyn Nets,1610612751,82,20,62,0.244,3951.0,101.9,108.0,-6.1,103.6,15.9,0.196,0.761,0.482,0.159,1,30,30,30,25,28,23,28,26,28,18,28,29,1,2016
Phoenix Suns,1610612756,82,24,58,0.293,3966.0,103.9,109.3,-5.4,102.9,14.4,0.26,0.764,0.505,0.149,1,29,29,29,10,22,28,26,30,6,15,10,25,2,2016
Houston Rockets,1610612745,82,55,27,0.671,3956.0,111.8,106.4,5.4,102.5,18.1,0.246,0.758,0.502,0.147,1,3,3,3,18,2,18,3,5,10,21,14,22,3,2016
Golden State Warriors,1610612744,82,67,15,0.817,3956.0,113.2,101.1,12.1,102.2,21.2,0.228,0.749,0.505,0.144,1,1,1,1,18,1,2,1,1,18,29,9,20,4,2016
Philadelphia 76ers,1610612755,82,28,54,0.341,3966.0,100.7,106.4,-5.7,101.0,17.4,0.224,0.753,0.488,0.164,1,27,27,27,10,30,17,27,10,19,28,23,30,5,2016
Los Angeles Lakers,1610612747,82,26,56,0.317,3941.0,103.4,110.6,-7.2,100.8,15.6,0.25,0.758,0.495,0.15,1,28,28,28,30,24,30,30,27,7,23,21,27,6,2016
Denver Nuggets,1610612743,82,40,42,0.488,3951.0,110.0,110.5,-0.5,100.7,18.2,0.273,0.787,0.532,0.147,1,18,18,18,25,5,29,18,4,2,5,2,23,7,2016
Oklahoma City Thunder,1610612760,82,47,35,0.573,3961.0,105.0,105.1,-0.2,100.5,15.5,0.279,0.79,0.534,0.148,1,10,10,10,13,17,10,17,28,1,3,1,24,8,2016
New Orleans Pelicans,1610612740,82,34,48,0.415,3981.0,103.3,104.9,-1.6,100.1,17.1,0.185,0.768,0.475,0.127,1,21,21,21,2,26,9,21,16,29,13,29,4,9,2016
Atlanta Hawks,1610612737,82,43,39,0.524,3976.0,102.3,103.1,-0.8,99.8,17.4,0.236,0.761,0.503,0.157,1,11,11,11,4,27,4,19,11,15,19,13,28,10,2016
Washington Wizards,1610612764,82,49,33,0.598,3971.0,108.5,106.9,1.6,99.7,17.6,0.241,0.755,0.499,0.141,1,9,9,9,7,9,20,9,8,13,24,17,17,11,2016
Boston Celtics,1610612738,82,53,29,0.646,3951.0,108.6,105.5,3.1,99.3,18.8,0.212,0.753,0.485,0.133,1,4,4,4,25,8,12,7,2,25,27,27,8,12,2016
Orlando Magic,1610612753,82,29,53,0.354,3961.0,101.2,108.0,-6.8,99.1,16.8,0.216,0.774,0.487,0.133,1,26,26,26,13,29,24,29,19,21,9,26,7,13,2016
Portland Trail Blazers,1610612757,82,41,41,0.5,3986.0,107.8,107.8,0.0,99.1,16.0,0.23,0.768,0.498,0.137,1,15,15,15,1,11,21,15,25,17,12,18,11,13,2016
New York Knicks,1610612752,82,31,51,0.378,3971.0,104.7,108.7,-4.1,98.6,16.3,0.266,0.741,0.503,0.139,1,24,24,24,7,18,25,24,22,5,30,12,16,15,2016
Cleveland Cavaliers,1610612739,82,51,31,0.622,3976.0,110.9,108.0,2.9,98.4,17.1,0.219,0.758,0.497,0.137,1,5,5,5,4,3,22,8,15,20,22,19,12,16,2016
LA Clippers,1610612746,82,51,31,0.622,3951.0,110.3,105.8,4.5,98.2,17.2,0.215,0.769,0.499,0.131,1,5,5,5,25,4,13,6,13,23,10,16,6,17,2016
Indiana Pacers,1610612754,82,42,40,0.512,3971.0,106.2,106.3,-0.1,98.1,17.2,0.212,0.755,0.487,0.139,1,13,13,13,7,15,16,16,14,24,25,25,15,18,2016
Charlotte Hornets,1610612766,82,36,46,0.439,3966.0,106.4,106.1,0.3,97.8,17.6,0.199,0.796,0.495,0.117,1,20,20,20,10,14,14,12,9,27,2,20,1,19,2016
Chicago Bulls,1610612741,82,41,41,0.5,3956.0,104.6,104.5,0.1,97.7,16.8,0.27,0.768,0.517,0.138,1,15,15,15,18,21,6,13,17,4,11,4,13,20,2016
Miami Heat,1610612748,82,41,41,0.5,3956.0,105.2,104.1,1.0,97.6,16.3,0.242,0.764,0.5,0.137,1,15,15,15,18,16,5,10,21,11,14,15,10,21,2016
Detroit Pistons,1610612765,82,37,45,0.451,3961.0,103.3,105.3,-2.0,97.1,16.1,0.241,0.812,0.516,0.121,1,19,19,19,13,25,11,22,24,12,1,5,2,22,2016
Toronto Raptors,1610612761,82,51,31,0.622,3956.0,109.8,104.9,4.9,97.1,14.5,0.25,0.763,0.507,0.13,1,5,5,5,18,6,8,4,29,8,16,8,5,22,2016
Minnesota Timberwolves,1610612750,82,31,51,0.378,3961.0,108.1,109.1,-1.0,97.1,17.7,0.272,0.759,0.512,0.144,1,24,24,24,13,10,26,20,7,3,20,7,18,22,2016
Sacramento Kings,1610612758,82,32,50,0.39,3976.0,104.6,109.1,-4.5,97.1,17.3,0.21,0.763,0.489,0.149,1,23,23,23,4,20,27,25,12,26,17,22,26,22,2016
Milwaukee Bucks,1610612749,82,42,40,0.512,3956.0,106.9,106.4,0.5,96.7,18.5,0.215,0.754,0.488,0.144,1,13,13,13,18,13,19,11,3,22,26,24,19,26,2016
San Antonio Spurs,1610612759,82,61,21,0.744,3961.0,108.8,100.9,7.9,96.4,18.1,0.24,0.776,0.514,0.139,1,2,2,2,13,7,1,2,6,14,6,6,14,27,2016
Memphis Grizzlies,1610612763,82,43,39,0.524,3981.0,104.7,104.5,0.1,94.7,16.5,0.248,0.775,0.504,0.135,1,11,11,11,2,19,7,13,20,9,8,11,9,28,2016
Dallas Mavericks,1610612742,82,33,49,0.402,3956.0,103.7,106.3,-2.6,94.2,16.8,0.181,0.776,0.464,0.126,1,22,22,22,18,23,15,23,18,30,7,30,3,29,2016
Utah Jazz,1610612762,82,51,31,0.622,3951.0,107.4,102.7,4.7,93.6,16.2,0.232,0.789,0.518,0.145,1,5,5,5,25,12,3,5,23,16,4,3,21,30,2016
New Orleans Pelicans,1610612740,82,48,34,0.585,3991.0,107.7,105.6,2.1,102.7,19.0,0.2,0.767,0.494,0.144,1,8,8,8,1,9,14,10,3,28,20,21,16,1,2017
Los Angeles Lakers,1610612747,82,35,47,0.427,3981.0,104.2,105.6,-1.4,102.6,17.0,0.236,0.777,0.509,0.152,1,21,21,21,3,22,13,21,19,7,12,9,25,2,2017
Phoenix Suns,1610612756,82,21,61,0.256,3941.0,100.8,110.6,-9.7,102.6,15.6,0.225,0.765,0.49,0.153,1,30,30,30,27,30,30,30,29,14,23,23,26,2,2017
Philadelphia 76ers,1610612755,82,52,30,0.634,3956.0,107.4,102.0,5.4,102.2,19.1,0.253,0.786,0.529,0.161,1,5,5,5,16,11,3,4,2,3,9,1,30,4,2017
Golden State Warriors,1610612744,82,58,24,0.707,3946.0,112.3,104.2,8.1,101.8,20.9,0.211,0.763,0.506,0.153,1,3,3,3,23,1,9,2,1,23,25,11,27,5,2017
LA Clippers,1610612746,82,42,40,0.512,3941.0,107.7,107.7,0.0,101.1,16.5,0.235,0.761,0.501,0.145,1,18,18,18,27,8,19,18,25,8,28,16,18,6,2017
Brooklyn Nets,1610612751,82,28,54,0.341,3971.0,104.3,108.5,-4.2,101.1,17.3,0.21,0.77,0.487,0.149,1,23,23,23,5,21,25,23,12,24,19,25,22,6,2017
Atlanta Hawks,1610612737,82,24,58,0.293,3941.0,102.4,108.2,-5.8,100.6,17.6,0.211,0.762,0.487,0.154,1,27,27,27,27,26,21,26,8,22,27,26,29,8,2017
Charlotte Hornets,1610612766,82,36,46,0.439,3956.0,107.0,107.0,0.0,100.5,16.1,0.222,0.807,0.51,0.125,1,20,20,20,16,13,16,18,27,16,1,5,2,9,2017
Chicago Bulls,1610612741,82,27,55,0.329,3971.0,101.3,109.1,-7.8,100.3,17.3,0.206,0.806,0.494,0.138,1,24,24,24,5,28,28,28,14,25,2,20,10,10,2017
Orlando Magic,1610612753,82,25,57,0.305,3946.0,102.8,107.7,-4.9,100.3,17.5,0.2,0.756,0.476,0.144,1,26,26,26,23,25,20,25,10,29,30,29,17,10,2017
Cleveland Cavaliers,1610612739,82,50,32,0.61,3946.0,110.6,109.5,1.0,100.1,17.5,0.201,0.773,0.491,0.137,1,6,6,6,23,5,29,13,9,27,17,22,9,12,2017
Toronto Raptors,1610612761,82,59,23,0.72,3966.0,111.0,103.4,7.6,99.8,17.9,0.23,0.777,0.509,0.133,1,2,2,2,8,3,5,3,6,11,13,8,4,13,2017
Houston Rockets,1610612745,82,65,17,0.793,3951.0,112.2,103.8,8.5,99.7,16.4,0.213,0.799,0.508,0.138,1,1,1,1,18,2,6,1,26,21,3,10,11,14,2017
Oklahoma City Thunder,1610612760,82,48,34,0.585,3966.0,107.6,104.7,2.9,99.2,15.8,0.277,0.774,0.517,0.14,1,8,8,8,8,10,10,8,28,1,16,3,12,15,2017
New York Knicks,1610612752,82,29,53,0.354,3966.0,104.1,108.4,-4.3,99.2,17.2,0.241,0.767,0.505,0.147,1,22,22,22,8,24,23,24,15,5,21,12,21,15,2017
Denver Nuggets,1610612743,82,46,36,0.561,3976.0,109.6,108.8,0.8,99.1,18.2,0.257,0.775,0.517,0.149,1,14,14,14,4,6,26,14,5,2,15,2,23,17,2017
Washington Wizards,1610612764,82,43,39,0.524,3971.0,106.9,106.2,0.7,98.9,18.4,0.235,0.771,0.503,0.146,1,17,17,17,5,14,15,15,4,9,18,13,20,18,2017
Portland Trail Blazers,1610612757,82,49,33,0.598,3951.0,106.1,104.2,1.9,98.8,15.0,0.233,0.791,0.514,0.136,1,7,7,7,18,16,8,11,30,10,5,4,8,19,2017
Milwaukee Bucks,1610612749,82,44,38,0.537,3966.0,107.8,107.1,0.7,98.5,17.7,0.204,0.759,0.483,0.14,1,15,15,15,8,7,17,15,7,26,29,28,13,20,2017
Detroit Pistons,1610612765,82,39,43,0.476,3961.0,104.9,104.8,0.0,98.4,17.1,0.227,0.785,0.5,0.136,1,19,19,19,12,19,11,18,18,13,10,18,7,21,2017
Minnesota Timberwolves,1610612750,82,47,35,0.573,3961.0,110.8,108.4,2.4,98.3,17.0,0.244,0.764,0.501,0.126,1,12,12,12,12,4,22,9,20,4,24,17,3,22,2017
Indiana Pacers,1610612754,82,48,34,0.585,3951.0,107.2,105.6,1.6,98.2,16.8,0.227,0.762,0.496,0.135,1,8,8,8,18,12,12,12,22,12,26,19,5,23,2017
Boston Celtics,1610612738,82,55,27,0.671,3961.0,105.3,101.5,3.7,98.2,17.0,0.215,0.784,0.503,0.142,1,4,4,4,12,18,1,6,21,18,11,14,15,23,2017
Miami Heat,1610612748,82,44,38,0.537,3986.0,104.5,104.0,0.5,97.8,17.1,0.215,0.79,0.502,0.145,1,15,15,15,2,20,7,17,16,19,6,15,19,25,2017
Utah Jazz,1610612762,82,48,34,0.585,3951.0,106.2,101.6,4.6,97.8,17.1,0.215,0.798,0.51,0.15,1,8,8,8,18,15,2,5,17,17,4,7,24,25,2017
Dallas Mavericks,1610612742,82,24,58,0.293,3961.0,104.1,107.4,-3.3,97.5,17.3,0.18,0.789,0.474,0.125,1,27,27,27,12,23,18,22,11,30,7,30,1,27,2017
Memphis Grizzlies,1610612763,82,22,60,0.268,3941.0,101.8,108.4,-6.6,97.3,16.6,0.224,0.765,0.488,0.153,1,29,29,29,27,27,24,27,24,15,22,24,28,28,2017
San Antonio Spurs,1610612759,82,47,35,0.573,3946.0,105.5,102.4,3.1,97.2,17.3,0.237,0.786,0.51,0.135,1,12,12,12,23,17,4,7,13,6,8,6,6,29,2017
Sacramento Kings,1610612758,82,27,55,0.329,3951.0,101.1,109.0,-7.9,97.1,16.6,0.214,0.776,0.483,0.14,1,24,24,24,18,29,27,29,23,20,14,27,14,30,2017
Atlanta Hawks,1610612737,82,29,53,0.354,3971.0,105.5,111.2,-5.7,106.4,17.7,0.247,0.764,0.5,0.159,1,26,26,26,7,23,27,26,16,6,20,16,30,1,2018
New Orleans Pelicans,1610612740,82,33,49,0.402,3951.0,108.6,110.4,-1.8,105.6,18.6,0.241,0.768,0.508,0.139,1,22,22,22,24,12,24,20,7,9,19,9,22,2,2018
Sacramento Kings,1610612758,82,39,43,0.476,3946.0,108.3,108.7,-0.4,105.5,17.7,0.231,0.755,0.486,0.127,1,17,17,17,27,16,20,16,15,12,26,24,5,3,2018
Los Angeles Lakers,1610612747,82,37,45,0.451,3956.0,105.2,107.3,-2.1,105.5,17.8,0.222,0.764,0.499,0.147,1,20,20,20,18,24,15,23,14,17,22,18,28,3,2018
Milwaukee Bucks,1610612749,82,60,22,0.732,3956.0,111.5,103.0,8.5,105.4,18.3,0.208,0.803,0.523,0.131,1,1,1,1,18,3,1,1,10,27,1,3,6,5,2018
Oklahoma City Thunder,1610612760,82,49,33,0.598,3971.0,107.6,104.7,2.9,105.3,16.3,0.26,0.782,0.513,0.131,1,9,9,9,7,17,5,11,27,3,7,6,8,6,2018
LA Clippers,1610612746,82,48,34,0.585,3966.0,109.7,109.0,0.7,104.1,17.1,0.22,0.76,0.499,0.139,1,11,11,11,11,10,21,14,20,19,25,17,20,7,2018
Philadelphia 76ers,1610612755,82,51,31,0.622,3961.0,110.4,107.1,3.3,104.0,18.7,0.245,0.786,0.523,0.143,1,7,7,7,15,7,14,7,5,8,6,2,24,8,2018
Washington Wizards,1610612764,82,32,50,0.39,3986.0,108.6,111.3,-2.7,103.7,18.4,0.213,0.741,0.473,0.134,1,25,25,25,2,13,28,25,9,25,29,29,11,9,2018
Brooklyn Nets,1610612751,82,42,40,0.512,3996.0,106.9,107.0,-0.1,103.4,16.9,0.238,0.764,0.502,0.144,1,14,14,14,1,19,13,15,23,10,21,15,25,10,2018
Golden State Warriors,1610612744,82,57,25,0.695,3961.0,113.9,106.5,7.5,103.2,20.4,0.225,0.771,0.51,0.138,1,3,3,3,15,1,10,2,1,16,14,8,18,11,2018
Phoenix Suns,1610612756,82,19,63,0.232,3976.0,103.6,112.2,-8.6,102.9,17.3,0.205,0.725,0.461,0.15,1,28,28,28,4,28,29,28,19,28,30,30,29,12,2018
Minnesota Timberwolves,1610612750,82,36,46,0.439,3966.0,108.4,110.2,-1.9,102.8,17.4,0.246,0.749,0.495,0.126,1,21,21,21,11,14,23,22,18,7,27,20,4,13,2018
Toronto Raptors,1610612761,82,58,24,0.707,3976.0,110.9,104.3,6.5,102.5,18.2,0.219,0.771,0.502,0.136,1,2,2,2,4,6,4,3,11,22,15,14,14,14,2018
Utah Jazz,1610612762,82,50,32,0.61,3951.0,108.8,103.2,5.5,102.5,18.5,0.229,0.803,0.521,0.147,1,8,8,8,24,11,2,4,8,13,2,5,27,14,2018
Boston Celtics,1610612738,82,49,33,0.598,3956.0,110.1,104.9,5.1,102.0,18.8,0.216,0.77,0.493,0.126,1,9,9,9,18,8,6,5,4,24,18,21,3,16,2018
New York Knicks,1610612752,82,17,65,0.207,3956.0,102.1,110.9,-8.8,102.0,14.9,0.221,0.761,0.485,0.137,1,30,30,30,18,30,25,29,30,18,24,25,16,16,2018
Portland Trail Blazers,1610612757,82,53,29,0.646,3971.0,111.4,108.1,3.3,101.6,16.6,0.266,0.779,0.528,0.135,1,5,5,5,7,4,17,7,24,1,9,1,12,18,2018
Dallas Mavericks,1610612742,82,33,49,0.402,3956.0,106.6,108.3,-1.7,101.4,17.0,0.227,0.775,0.503,0.139,1,22,22,22,18,20,19,19,21,15,12,13,21,19,2018
Charlotte Hornets,1610612766,82,39,43,0.476,3966.0,108.3,110.2,-1.8,101.1,17.0,0.217,0.771,0.489,0.119,1,17,17,17,11,15,22,20,22,23,16,23,1,20,2018
Chicago Bulls,1610612741,82,22,60,0.268,3981.0,102.5,110.9,-8.4,101.1,16.3,0.194,0.773,0.48,0.138,1,27,27,27,3,29,26,27,26,30,13,28,19,20,2018
Miami Heat,1610612748,82,39,43,0.476,3946.0,104.6,105.1,-0.6,100.7,17.6,0.248,0.776,0.512,0.146,1,17,17,17,27,26,7,17,17,5,10,7,26,22,2018
San Antonio Spurs,1610612759,82,48,34,0.585,3961.0,111.1,108.3,2.8,100.4,18.1,0.21,0.794,0.505,0.12,1,11,11,11,15,5,18,12,12,26,4,11,2,23,2018
Houston Rockets,1610612745,82,53,29,0.646,3966.0,112.5,107.9,4.6,100.4,15.9,0.228,0.744,0.481,0.132,1,5,5,5,11,2,16,6,28,14,28,27,9,23,2018
Indiana Pacers,1610612754,82,48,34,0.585,3941.0,107.3,104.2,3.1,100.4,18.9,0.219,0.762,0.496,0.136,1,11,11,11,30,18,3,9,3,21,23,19,15,23,2018
Orlando Magic,1610612753,82,42,40,0.512,3956.0,106.5,105.8,0.8,100.3,18.6,0.22,0.797,0.504,0.131,1,14,14,14,18,21,8,13,6,20,3,12,7,26,2018
Denver Nuggets,1610612743,82,54,28,0.659,3946.0,109.8,106.8,3.0,100.1,19.3,0.266,0.78,0.522,0.133,1,4,4,4,27,9,11,10,2,2,8,4,10,27,2018
Detroit Pistons,1610612765,82,41,41,0.5,3971.0,106.1,106.9,-0.7,99.7,16.5,0.248,0.787,0.507,0.137,1,16,16,16,7,22,12,18,25,4,5,10,17,28,2018
Cleveland Cavaliers,1610612739,82,19,63,0.232,3951.0,105.0,115.1,-10.1,98.9,15.6,0.237,0.77,0.492,0.136,1,28,28,28,24,25,30,30,29,11,17,22,13,29,2018
Memphis Grizzlies,1610612763,82,33,49,0.402,3976.0,103.8,106.2,-2.4,98.8,17.9,0.2,0.776,0.483,0.14,1,22,22,22,4,27,9,24,13,29,11,26,23,30,2018
Milwaukee Bucks,1610612749,73,56,17,0.767,3519.0,110.5,100.6,9.9,107.2,18.0,0.207,0.816,0.53,0.141,3,1,1,1,6,4,1,1,11,26,1,1,13,1,2019
Houston Rockets,1610612745,72,44,28,0.611,3476.0,110.3,107.4,2.9,106.3,15.5,0.21,0.756,0.48,0.137,11,8,7,8,16,7,13,7,29,25,25,26,10,2,2019
New Orleans Pelicans,1610612740,72,30,42,0.417,3486.0,108.0,109.4,-1.4,106.3,18.4,0.242,0.778,0.509,0.153,11,21,21,21,13,17,18,20,7,5,11,11,29,2,2019
Minnesota Timberwolves,1610612750,64,19,45,0.297,3112.0,105.3,110.0,-4.7,105.9,16.7,0.221,0.772,0.486,0.142,30,28,24,28,30,24,21,25,26,19,18,23,17,4,2019
Atlanta Hawks,1610612737,67,20,47,0.299,3256.0,104.3,112.3,-8.0,105.6,16.9,0.216,0.749,0.479,0.151,23,26,28,27,23,26,28,28,22,21,29,28,28,5,2019
Memphis Grizzlies,1610612763,73,34,39,0.466,3514.0,106.9,107.5,-0.6,105.3,18.7,0.23,0.778,0.509,0.145,3,16,15,16,9,20,14,16,5,12,13,10,20,6,2019
Washington Wizards,1610612764,72,25,47,0.347,3471.0,108.2,112.7,-4.5,105.2,17.6,0.222,0.753,0.477,0.134,11,22,28,23,19,16,29,24,16,18,28,30,6,7,2019
Brooklyn Nets,1610612751,72,35,37,0.486,3496.0,106.0,107.1,-1.1,104.0,17.3,0.232,0.778,0.511,0.145,11,14,14,14,11,23,9,19,19,10,12,8,21,8,2019
LA Clippers,1610612746,72,49,23,0.681,3476.0,111.1,105.3,5.7,103.9,16.9,0.235,0.776,0.513,0.139,11,4,4,4,16,3,6,5,20,9,15,5,11,9,2019
Phoenix Suns,1610612756,73,34,39,0.466,3519.0,109.7,108.4,1.4,103.7,19.2,0.222,0.788,0.501,0.142,3,16,15,16,6,11,16,14,1,17,8,15,16,10,2019
Toronto Raptors,1610612761,72,53,19,0.736,3476.0,109.0,102.0,7.0,103.3,18.1,0.213,0.767,0.496,0.143,11,2,2,2,16,14,2,2,9,24,22,18,18,11,2019
Los Angeles Lakers,1610612747,71,52,19,0.732,3418.0,109.6,103.8,5.8,103.3,18.0,0.245,0.788,0.52,0.147,21,3,2,3,22,12,3,4,10,4,7,3,23,11,2019
Portland Trail Blazers,1610612757,74,35,39,0.473,3567.0,111.1,111.8,-0.7,103.2,15.2,0.224,0.753,0.491,0.124,2,14,15,15,2,2,27,17,30,15,27,20,3,13,2019
Golden State Warriors,1610612744,65,15,50,0.231,3145.0,102.9,110.9,-8.0,102.7,18.2,0.215,0.764,0.48,0.144,26,30,30,30,27,30,26,28,8,23,23,27,19,14,2019
San Antonio Spurs,1610612759,71,32,39,0.451,3443.0,110.4,110.9,-0.5,102.6,17.9,0.201,0.792,0.496,0.122,21,19,15,19,21,6,25,15,12,28,4,17,1,15,2019
Boston Celtics,1610612738,72,48,24,0.667,3486.0,110.4,104.5,6.0,101.9,16.7,0.239,0.774,0.51,0.134,11,5,5,5,13,5,4,3,25,8,17,9,7,16,2019
Chicago Bulls,1610612741,65,22,43,0.338,3135.0,104.1,107.7,-3.6,101.9,16.9,0.228,0.756,0.479,0.151,26,24,23,24,29,27,15,22,21,13,26,29,26,16,2019
Dallas Mavericks,1610612742,75,43,32,0.573,3635.0,113.7,109.5,4.2,101.7,17.7,0.232,0.777,0.508,0.123,1,12,13,13,1,1,19,6,14,11,14,13,2,18,2019
Indiana Pacers,1610612754,73,45,28,0.616,3524.0,107.9,105.1,2.9,101.3,18.9,0.2,0.767,0.486,0.131,3,7,7,7,5,18,5,7,3,29,21,24,5,19,2019
Philadelphia 76ers,1610612755,73,43,30,0.589,3519.0,109.1,106.3,2.8,101.3,18.5,0.239,0.803,0.521,0.14,3,12,12,12,6,13,7,9,6,6,2,2,12,19,2019
Sacramento Kings,1610612758,72,31,41,0.431,3491.0,107.8,109.6,-1.8,101.2,17.4,0.219,0.784,0.495,0.142,11,20,20,20,12,19,20,21,18,20,9,19,15,21,2019
Oklahoma City Thunder,1610612760,72,44,28,0.611,3486.0,108.4,106.3,2.1,101.1,16.3,0.193,0.768,0.489,0.134,11,8,7,8,13,15,8,12,27,30,20,22,8,22,2019
Orlando Magic,1610612753,73,33,40,0.452,3514.0,106.1,107.1,-1.0,100.9,17.5,0.223,0.791,0.498,0.127,3,18,19,18,9,22,10,18,17,16,5,16,4,23,2019
New York Knicks,1610612752,66,21,45,0.318,3193.0,103.8,110.6,-6.8,100.9,16.0,0.258,0.783,0.513,0.141,24,25,24,25,24,29,23,26,28,1,10,4,14,23,2019
Cleveland Cavaliers,1610612739,65,19,46,0.292,3145.0,104.4,113.6,-9.2,100.9,16.8,0.246,0.774,0.508,0.161,26,28,26,29,27,25,30,30,23,3,16,14,30,23,2019
Utah Jazz,1610612762,72,44,28,0.611,3471.0,110.0,107.4,2.6,100.8,16.8,0.216,0.789,0.513,0.149,11,8,7,8,19,9,12,11,24,22,6,6,25,26,2019
Miami Heat,1610612748,73,44,29,0.603,3549.0,110.0,107.2,2.8,100.5,18.8,0.203,0.795,0.511,0.146,3,8,11,11,3,10,11,9,4,27,3,7,22,27,2019
Detroit Pistons,1610612765,66,20,46,0.303,3193.0,106.1,110.4,-4.3,99.9,17.7,0.226,0.759,0.489,0.151,24,26,26,26,24,21,22,23,13,14,24,21,27,28,2019
Denver Nuggets,1610612743,73,46,27,0.63,3549.0,110.1,108.6,1.5,99.5,19.1,0.248,0.768,0.509,0.136,3,6,6,6,3,8,17,13,2,2,19,12,9,29,2019
Charlotte Hornets,1610612766,65,23,42,0.354,3150.0,103.9,110.6,-6.8,98.1,17.7,0.239,0.744,0.482,0.147,26,23,21,22,26,28,24,26,15,7,30,25,24,30,2019
Washington Wizards,1610612764,72,34,38,0.472,3481.0,108.9,110.5,-1.7,106.4,17.8,0.213,0.776,0.495,0.134,1,17,17,17,11,18,18,21,17,21,18,17,16,1,2020
Milwaukee Bucks,1610612749,72,46,26,0.639,3466.0,114.7,109.1,5.5,104.4,18.0,0.233,0.797,0.526,0.132,1,7,7,7,22,6,10,6,13,9,3,3,12,2,2020
Golden State Warriors,1610612744,72,39,33,0.542,3461.0,108.8,107.7,1.1,104.4,19.6,0.179,0.766,0.476,0.144,1,14,14,14,24,19,5,14,2,30,25,28,24,2,2020
Minnesota Timberwolves,1610612750,72,23,49,0.319,3481.0,107.0,112.1,-5.2,104.1,18.0,0.227,0.768,0.487,0.136,1,25,25,25,11,25,27,26,14,13,24,24,17,4,2020
Indiana Pacers,1610612754,72,34,38,0.472,3491.0,109.9,109.6,0.3,104.0,19.2,0.202,0.749,0.477,0.129,1,17,17,17,4,14,11,17,6,26,30,27,7,5,2020
Houston Rockets,1610612745,72,17,55,0.236,3461.0,104.9,112.4,-7.5,103.6,17.2,0.198,0.771,0.472,0.142,1,30,30,30,24,27,28,27,25,28,22,30,22,6,2020
Oklahoma City Thunder,1610612760,72,22,50,0.306,3471.0,101.3,111.9,-10.5,103.1,16.1,0.212,0.779,0.492,0.156,1,26,26,26,19,30,24,30,29,22,14,20,30,7,2020
Memphis Grizzlies,1610612763,72,38,34,0.528,3481.0,109.7,108.5,1.2,102.6,18.9,0.242,0.783,0.51,0.129,1,15,15,15,11,15,6,13,9,6,10,11,6,8,2020
New Orleans Pelicans,1610612740,72,31,41,0.431,3486.0,110.8,111.6,-0.7,102.3,18.3,0.263,0.8,0.531,0.141,1,21,21,21,6,13,23,19,11,1,2,1,21,9,2020
Sacramento Kings,1610612758,72,31,41,0.431,3461.0,111.1,114.6,-3.5,102.2,18.4,0.213,0.75,0.478,0.131,1,21,21,21,24,10,30,24,10,20,29,26,9,10,2020
Brooklyn Nets,1610612751,72,48,24,0.667,3481.0,116.3,110.6,5.7,101.8,19.3,0.214,0.773,0.508,0.133,1,4,4,4,11,1,21,4,5,19,21,12,13,11,2020
Philadelphia 76ers,1610612755,72,49,23,0.681,3486.0,110.8,105.1,5.7,101.8,17.2,0.232,0.782,0.512,0.141,1,3,3,3,6,12,2,4,24,10,11,9,20,11,2020
Toronto Raptors,1610612761,72,27,45,0.375,3461.0,109.3,109.8,-0.5,101.6,17.7,0.208,0.763,0.476,0.13,1,24,24,24,24,16,12,18,19,24,27,29,8,13,2020
Chicago Bulls,1610612741,72,31,41,0.431,3476.0,108.7,109.9,-1.2,101.1,19.2,0.223,0.803,0.516,0.149,1,21,21,21,16,20,13,20,8,15,1,7,27,14,2020
San Antonio Spurs,1610612759,72,33,39,0.458,3496.0,108.6,110.7,-2.1,101.0,17.9,0.2,0.773,0.481,0.111,1,19,19,19,1,21,22,22,16,27,20,25,2,15,2020
Portland Trail Blazers,1610612757,72,42,30,0.583,3461.0,114.9,113.4,1.5,100.8,15.9,0.23,0.775,0.495,0.11,1,8,8,8,24,5,29,12,30,11,19,16,1,16,2020
Orlando Magic,1610612753,72,21,51,0.292,3466.0,102.9,112.1,-9.2,100.8,16.3,0.216,0.782,0.49,0.127,1,28,28,28,22,29,25,29,28,18,12,23,5,16,2020
Utah Jazz,1610612762,72,52,20,0.722,3471.0,115.1,105.7,9.4,100.8,17.3,0.245,0.793,0.531,0.14,1,1,1,1,19,3,3,1,22,3,5,2,19,16,2020
Los Angeles Lakers,1610612747,72,42,30,0.583,3491.0,107.5,104.8,2.7,100.8,18.0,0.225,0.797,0.513,0.149,1,8,8,8,4,24,1,8,15,14,4,8,28,16,2020
Boston Celtics,1610612738,72,36,36,0.5,3476.0,111.0,110.0,0.9,100.7,17.1,0.243,0.781,0.51,0.139,1,16,16,16,16,11,15,15,26,5,13,10,18,20,2020
Charlotte Hornets,1610612766,72,33,39,0.458,3471.0,108.1,110.6,-2.5,100.6,19.2,0.235,0.757,0.492,0.147,1,19,19,19,19,23,20,23,7,8,28,19,25,21,2020
Detroit Pistons,1610612765,72,20,52,0.278,3486.0,105.4,110.3,-4.9,100.1,17.8,0.219,0.769,0.491,0.148,1,29,29,29,6,26,16,25,18,17,23,22,26,22,2020
Atlanta Hawks,1610612737,72,41,31,0.569,3481.0,113.0,110.6,2.5,99.9,17.6,0.244,0.778,0.517,0.132,1,11,11,11,11,8,19,9,20,4,16,6,11,23,2020
Cleveland Cavaliers,1610612739,72,22,50,0.306,3486.0,103.1,112.1,-8.9,99.6,17.5,0.236,0.766,0.494,0.154,1,26,26,26,6,28,26,28,21,7,26,18,29,24,2020
Dallas Mavericks,1610612742,72,42,30,0.583,3461.0,112.9,110.4,2.5,99.5,17.2,0.211,0.778,0.496,0.121,1,8,8,8,24,9,17,9,23,23,17,15,3,25,2020
Phoenix Suns,1610612756,72,51,21,0.708,3496.0,114.9,108.8,6.1,99.3,19.6,0.208,0.785,0.501,0.125,1,2,2,2,1,4,9,3,1,25,9,14,4,26,2020
Denver Nuggets,1610612743,72,47,25,0.653,3496.0,114.2,110.0,4.2,99.3,19.3,0.247,0.789,0.519,0.134,1,5,5,5,1,7,14,7,4,2,7,4,15,26,2020
LA Clippers,1610612746,72,47,25,0.653,3456.0,115.2,108.7,6.6,99.1,18.1,0.227,0.791,0.517,0.133,1,5,5,5,30,2,8,2,12,12,6,5,14,28,2020
Miami Heat,1610612748,72,40,32,0.556,3476.0,109.1,108.5,0.6,98.7,19.5,0.194,0.779,0.492,0.142,1,13,13,13,16,17,7,16,3,29,15,21,23,29,2020
New York Knicks,1610612752,72,41,31,0.569,3486.0,108.2,105.7,2.5,98.2,16.3,0.219,0.786,0.506,0.131,1,11,11,11,6,22,4,9,27,16,8,13,10,30,2020
Minnesota Timberwolves,1610612750,82,46,36,0.561,3956.0,111.3,109.1,2.1,103.5,18.1,0.244,0.749,0.49,0.138,1,12,12,12,13,9,13,11,12,7,27,20,16,1,2021
Houston Rockets,1610612745,82,20,62,0.244,3951.0,105.4,114.4,-9.0,103.3,17.1,0.217,0.744,0.479,0.158,1,30,30,30,19,27,30,30,25,22,29,30,30,2,2021
Memphis Grizzlies,1610612763,82,56,26,0.683,3956.0,111.6,106.2,5.4,103.1,17.9,0.3,0.778,0.533,0.127,1,2,2,2,13,8,4,5,15,1,10,1,6,3,2021
San Antonio Spurs,1610612759,82,34,48,0.415,3961.0,109.4,110.0,-0.6,102.4,19.5,0.237,0.751,0.492,0.123,1,22,22,22,8,17,16,20,4,11,26,19,2,4,2021
Charlotte Hornets,1610612766,82,43,39,0.524,3976.0,111.7,111.0,0.7,102.3,19.6,0.233,0.748,0.487,0.128,1,16,16,16,3,7,22,16,2,14,28,23,9,5,2021
Los Angeles Lakers,1610612747,82,33,49,0.402,3996.0,107.9,110.9,-3.0,102.3,17.3,0.211,0.758,0.486,0.14,1,23,23,23,1,23,21,23,22,25,22,24,20,5,2021
Milwaukee Bucks,1610612749,82,51,31,0.622,3951.0,112.5,109.4,3.1,102.2,17.3,0.23,0.786,0.514,0.131,1,6,6,6,19,4,14,8,21,15,3,5,10,7,2021
Sacramento Kings,1610612758,82,30,52,0.366,3961.0,107.2,112.9,-5.7,102.1,17.3,0.213,0.76,0.484,0.137,1,24,24,24,8,25,27,25,23,23,21,27,15,8,2021
Phoenix Suns,1610612756,82,64,18,0.78,3946.0,112.5,104.7,7.8,102.0,19.5,0.223,0.771,0.505,0.127,1,1,1,1,24,3,3,2,5,19,13,12,5,9,2021
Brooklyn Nets,1610612751,82,44,38,0.537,3951.0,111.0,109.6,1.3,101.6,18.3,0.239,0.751,0.502,0.138,1,14,14,14,19,13,15,15,9,10,25,14,18,10,2021
Orlando Magic,1610612753,82,22,60,0.268,3956.0,101.8,110.3,-8.5,101.5,17.4,0.198,0.772,0.484,0.142,1,29,29,29,13,30,19,28,20,30,12,26,24,11,2021
Detroit Pistons,1610612765,82,23,59,0.28,3956.0,103.3,111.1,-7.9,100.9,17.1,0.234,0.756,0.482,0.14,1,28,28,28,13,28,24,26,24,13,23,29,19,12,2021
Oklahoma City Thunder,1610612760,82,24,58,0.293,3961.0,102.2,110.2,-8.0,100.8,16.4,0.218,0.761,0.485,0.138,1,27,27,27,8,29,17,27,28,21,20,25,17,13,2021
Golden State Warriors,1610612744,82,53,29,0.646,3946.0,110.5,103.9,6.5,100.7,19.5,0.228,0.787,0.516,0.148,1,3,3,3,24,15,1,3,3,18,2,4,29,14,2021
Portland Trail Blazers,1610612757,82,27,55,0.329,3946.0,105.5,114.0,-8.5,100.6,17.0,0.229,0.769,0.489,0.144,1,25,25,25,24,26,29,28,26,17,15,21,26,15,2021
Indiana Pacers,1610612754,82,25,57,0.305,3976.0,109.2,113.9,-4.6,100.5,18.1,0.255,0.762,0.504,0.141,1,26,26,26,3,19,28,24,11,4,19,13,23,16,2021
Chicago Bulls,1610612741,82,46,36,0.561,3946.0,111.0,111.1,-0.1,100.4,17.8,0.204,0.783,0.495,0.128,1,12,12,12,24,12,23,19,17,28,4,17,7,17,2021
LA Clippers,1610612746,82,42,40,0.512,3956.0,107.7,107.5,0.2,100.2,17.7,0.206,0.744,0.483,0.136,1,18,18,18,13,24,8,18,19,27,30,28,13,18,2021
Atlanta Hawks,1610612737,82,43,39,0.524,3941.0,114.0,112.1,1.9,100.0,18.1,0.23,0.769,0.501,0.119,1,16,16,16,30,1,26,12,14,16,16,15,1,19,2021
Denver Nuggets,1610612743,82,48,34,0.585,3961.0,111.7,110.3,1.4,99.9,20.0,0.219,0.783,0.51,0.144,1,10,10,10,8,6,18,14,1,20,6,9,25,20,2021
New Orleans Pelicans,1610612740,82,36,46,0.439,3951.0,109.0,110.5,-1.5,99.7,18.1,0.269,0.782,0.52,0.14,1,20,20,20,19,20,20,21,13,3,7,3,21,21,2021
Utah Jazz,1610612762,82,49,33,0.598,3946.0,114.0,107.7,6.2,99.5,16.7,0.254,0.783,0.527,0.14,1,9,9,9,24,2,10,4,27,5,5,2,22,22,2021
Washington Wizards,1610612764,82,35,47,0.427,3966.0,108.9,111.7,-2.8,99.3,18.5,0.209,0.769,0.494,0.132,1,21,21,21,7,21,25,22,8,26,14,18,11,23,2021
Boston Celtics,1610612738,82,51,31,0.622,3981.0,112.1,104.0,8.1,99.0,18.2,0.24,0.773,0.513,0.137,1,6,6,6,2,5,2,1,10,8,11,7,14,24,2021
Toronto Raptors,1610612761,82,48,34,0.585,3971.0,109.6,107.9,1.7,98.6,16.1,0.284,0.756,0.507,0.125,1,10,10,10,5,16,11,13,30,2,24,11,3,25,2021
Philadelphia 76ers,1610612755,82,51,31,0.622,3961.0,111.0,108.3,2.7,98.4,17.9,0.201,0.768,0.489,0.126,1,6,6,6,8,11,12,9,16,29,17,22,4,26,2021
New York Knicks,1610612752,82,37,45,0.451,3956.0,108.0,107.6,0.4,98.4,16.4,0.251,0.788,0.514,0.134,1,19,19,19,13,22,9,17,29,6,1,6,12,26,2021
Cleveland Cavaliers,1610612739,82,44,38,0.537,3946.0,109.4,107.0,2.4,98.4,18.7,0.24,0.765,0.508,0.146,1,14,14,14,24,18,7,10,7,9,18,10,27,26,2021
Miami Heat,1610612748,82,53,29,0.646,3971.0,111.2,106.3,4.9,98.2,18.8,0.235,0.78,0.512,0.147,1,3,3,3,5,10,5,6,6,12,9,8,28,29,2021
Dallas Mavericks,1610612742,82,52,30,0.634,3951.0,110.5,106.8,3.7,97.5,17.8,0.213,0.78,0.496,0.128,1,5,5,5,19,14,6,7,18,24,8,16,8,30,2021
Golden State Warriors,1610612744,82,44,38,0.537,3966.0,113.5,111.4,2.1,104.2,20.4,0.244,0.76,0.507,0.155,1,11,11,11,12,9,12,10,2,14,16,10,29,1,2022
San Antonio Spurs,1610612759,82,22,60,0.268,3971.0,107.2,117.7,-10.5,104.1,18.7,0.256,0.749,0.493,0.145,1,28,28,28,8,29,30,30,8,7,24,21,24,2,2022
Indiana Pacers,1610612754,82,35,47,0.427,3951.0,111.0,115.4,-4.4,103.8,18.9,0.234,0.722,0.478,0.142,1,23,23,23,25,24,26,26,7,18,30,28,20,3,2022
Memphis Grizzlies,1610612763,82,51,31,0.622,3956.0,112.3,108.3,4.0,103.7,18.2,0.265,0.759,0.512,0.131,1,5,5,5,22,14,2,4,15,6,18,6,6,4,2022
Oklahoma City Thunder,1610612760,82,40,42,0.488,3971.0,112.3,111.4,0.8,103.6,17.2,0.247,0.729,0.484,0.125,1,19,19,19,8,15,13,14,26,13,29,27,4,5,2022
Los Angeles Lakers,1610612747,82,43,39,0.524,3976.0,111.8,111.5,0.3,103.6,17.9,0.228,0.763,0.505,0.134,1,14,14,14,5,19,16,16,18,20,13,12,11,5,2022
Minnesota Timberwolves,1610612750,82,42,40,0.512,3966.0,111.3,111.1,0.2,103.4,18.6,0.215,0.743,0.484,0.147,1,15,15,15,12,23,11,20,10,27,26,26,25,7,2022
Charlotte Hornets,1610612766,82,27,55,0.329,3966.0,106.7,112.6,-5.9,103.3,17.8,0.238,0.755,0.491,0.137,1,27,27,27,12,30,20,27,20,16,22,23,14,8,2022
Atlanta Hawks,1610612737,82,41,41,0.5,3971.0,113.9,113.6,0.3,103.1,17.6,0.251,0.758,0.502,0.124,1,17,17,17,8,7,22,16,22,8,19,15,3,9,2022
Utah Jazz,1610612762,82,37,45,0.451,3961.0,112.7,113.8,-1.1,103.1,18.2,0.268,0.752,0.514,0.148,1,22,22,22,18,12,23,22,14,4,23,4,28,9,2022
Milwaukee Bucks,1610612749,82,58,24,0.707,3966.0,112.8,109.4,3.3,102.8,18.1,0.25,0.778,0.524,0.141,1,1,1,1,12,11,4,5,16,9,3,3,19,11,2022
Sacramento Kings,1610612758,82,48,34,0.585,3966.0,117.0,114.1,2.9,102.5,19.3,0.227,0.772,0.502,0.131,1,7,7,7,12,1,25,8,3,22,7,16,7,12,2022
Houston Rockets,1610612745,82,22,60,0.268,3951.0,107.7,116.9,-9.2,101.8,16.0,0.302,0.758,0.527,0.158,1,28,28,28,25,28,29,29,30,1,20,1,30,13,2022
Orlando Magic,1610612753,82,34,48,0.415,3956.0,109.0,111.5,-2.4,101.7,17.0,0.238,0.777,0.507,0.148,1,25,25,25,22,26,15,24,27,15,4,11,27,14,2022
Detroit Pistons,1610612765,82,17,65,0.207,3961.0,107.8,116.1,-8.2,101.6,16.7,0.249,0.74,0.487,0.147,1,30,30,30,18,27,28,28,28,10,27,24,26,15,2022
New Orleans Pelicans,1610612740,82,42,40,0.512,3971.0,111.8,109.9,1.9,101.4,18.5,0.247,0.774,0.511,0.143,1,15,15,15,8,20,6,13,12,12,6,7,21,16,2022
Portland Trail Blazers,1610612757,82,33,49,0.402,3946.0,112.0,116.0,-4.0,101.0,17.8,0.224,0.749,0.484,0.143,1,26,26,26,29,18,27,25,19,24,25,25,22,17,2022
Phoenix Suns,1610612756,82,45,37,0.549,3956.0,112.1,110.1,2.1,100.8,19.3,0.266,0.76,0.508,0.134,1,9,9,9,22,17,7,10,4,5,17,8,10,18,2022
Washington Wizards,1610612764,82,35,47,0.427,3951.0,111.5,113.3,-1.8,100.8,18.5,0.226,0.761,0.504,0.139,1,23,23,23,25,22,21,23,13,23,15,14,17,18,2022
Brooklyn Nets,1610612751,82,45,37,0.549,3946.0,113.0,110.9,2.1,100.7,18.9,0.196,0.737,0.473,0.137,1,9,9,9,29,10,10,10,6,29,28,29,15,20,2022
Boston Celtics,1610612738,82,57,25,0.695,3996.0,115.7,108.8,7.0,100.6,19.1,0.221,0.785,0.507,0.131,1,2,2,2,1,2,3,1,5,25,1,9,8,21,2022
Chicago Bulls,1610612741,82,40,42,0.488,3981.0,111.7,109.4,2.3,100.6,18.1,0.201,0.778,0.494,0.132,1,19,19,19,4,21,5,9,17,28,2,20,9,21,2022
Denver Nuggets,1610612743,82,53,29,0.646,3951.0,115.0,111.7,3.3,100.3,20.5,0.248,0.764,0.513,0.144,1,4,4,4,25,4,17,5,1,11,12,5,23,23,2022
LA Clippers,1610612746,82,44,38,0.537,3966.0,112.4,112.0,0.3,100.2,17.5,0.229,0.766,0.501,0.141,1,11,11,11,12,13,19,16,23,19,11,17,18,24,2022
New York Knicks,1610612752,82,47,35,0.573,3991.0,114.9,111.8,3.1,99.7,16.6,0.283,0.771,0.526,0.129,1,8,8,8,2,5,18,7,29,2,9,2,5,25,2022
Toronto Raptors,1610612761,82,41,41,0.5,3961.0,112.2,111.4,0.8,99.6,17.2,0.278,0.767,0.504,0.116,1,17,17,17,18,16,14,14,25,3,10,13,1,26,2022
Philadelphia 76ers,1610612755,82,54,28,0.659,3976.0,115.5,110.2,5.2,99.2,18.6,0.216,0.772,0.499,0.137,1,3,3,3,5,3,8,3,9,26,8,19,16,27,2022
Dallas Mavericks,1610612742,82,38,44,0.463,3986.0,114.3,114.0,0.3,98.8,17.4,0.18,0.755,0.464,0.122,1,21,21,21,3,6,24,16,24,30,21,30,2,28,2022
Miami Heat,1610612748,82,44,38,0.537,3961.0,110.4,110.6,-0.2,98.6,17.8,0.228,0.777,0.492,0.136,1,11,11,11,18,25,9,21,21,21,5,22,13,29,2022
Cleveland Cavaliers,1610612739,82,51,31,0.622,3976.0,113.7,107.7,6.0,98.0,18.6,0.236,0.763,0.499,0.135,1,5,5,5,5,8,1,2,11,17,14,18,12,30,2022
